CANDIDATO,N. URNA,PARTIDO,LINK,N. SEGUDORES,CARGO,STATUS,Coluna 7,,61,"8,98%"
Aguinaldo Vargas,36222,AGIR,https://www.instagram.com/aguinaldo_vargas36.222/,,Deputado Estadual,,,,,
Carlos Schneider,3600,AGIR,,,Deputado Federal,,,,,
Carlos Schneider,363,AGIR,,,Senador,,,,,
Henrique Todeschini,36777,AGIR,https://www.instagram.com/naopergunteaohenrique/,,Deputado Estadual,,,,,
Jackson Martins,3636,AGIR,,,Deputado Federal,,,,,
Kerly Koch,36358,AGIR,https://www.instagram.com/KERLYKOCH/,,Deputado Estadual,,,,,
Marilene Garcia,3637,AGIR,,,Deputado Federal,,,,,
Patricia Vargas,3615,AGIR,,,Deputado Federal,,,,,
Pimentel,36007,AGIR,https://www.instagram.com/edisonpimentelmaciel/,,Deputado Estadual,,,,,
Robson Zagre,36123,AGIR,https://www.instagram.com/lordbcrobsonzagre/,,Deputado Estadual,,,,,
Silvana,36022,AGIR,https://www.instagram.com/SILVANAWALGER_/,,Deputado Estadual,,,,,
Alemão Goleiro,70300,AVANTE,https://www.instagram.com/alemaogoleirobeto/,,Deputado Estadual,,,,,
Angel,7007,AVANTE,https://www.instagram.com/ANGETUNES,,Deputado Federal,,,,,
Betão Do Imposto,70123,AVANTE,https://www.instagram.com/BETAODOIMPOSTO,,Deputado Estadual,,,,,
Claudinho Do Futebol,7040,AVANTE,https://www.instagram.com/CWS_SILVA.1304?IGSH=MWHIC2VUM2J1ATJSCW%3D%3D,,Deputado Federal,,,,,
Daiane Americo,7012,AVANTE,https://www.instagram.com/ANEAMERIC?IGSH=DWXOZJQWMZLVBZU0&UTM_SOURCE=QR,,Deputado Federal,,,,,
Davi Almeida,7070,AVANTE,https://www.instagram.com/davialmeida.7070/,,Deputado Federal,,,,,
Eleane Patriota,70022,AVANTE,https://www.instagram.com/ANERAULINO,,Deputado Estadual,,,,,
Gabriel Cruz,70100,AVANTE,https://www.instagram.com/silvagabriel.cruz/,,Deputado Estadual,,,,,
Gabriela Lanza,70555,AVANTE,https://www.instagram.com/_gabrielalanza/,,Deputado Estadual,,,,,
Heder Mamede,70777,AVANTE,https://www.instagram.com/DEPUTADO_MAMEDE?IGSH=CZAYB3BSA2TXEWHS,,Deputado Estadual,,,,,
Indio Fotografo,7090,AVANTE,https://www.instagram.com/INDIO_FOTOGRAF?IGSH=MTJ2NNBRBMFOB3PH,,Deputado Federal,,,,,
Ivo Machado,7088,AVANTE,https://www.instagram.com/IVO_MACHADO1?IGSH=ZTQZEXMYMWNTNW5S,,Deputado Federal,,,,,
Levi Rioschi,7022,AVANTE,https://www.instagram.com/LEVIRIOSCHI,,Deputado Federal,,,,,
Luizão De Chapecó,7080,AVANTE,https://www.instagram.com/luizaochapeco7080/,,Deputado Federal,,,,,
Mauri Da Lajotas,7000,AVANTE,https://www.instagram.com/MAURIDASLAJOTAS,,Deputado Federal,,,,,
Michelle Paiva,7072,AVANTE,https://www.instagram.com/mich.ellepaiva/,,Deputado Federal,,,,,
Michelli De Lima,70000,AVANTE,https://www.instagram.com/MICHELLI7731?UTM_SOURCE=QR&IGSH=DDZUNXDTCDRZCDNQ,,Deputado Estadual,,,,,
Negão Barata,70888,AVANTE,https://www.instagram.com/IDESIOFER,,Deputado Estadual,,,,,
Nilson José,70999,AVANTE,https://www.instagram.com/NILSONJOSEITAJAI,,Deputado Estadual,,,,,
Polaquinho,7001,AVANTE,https://www.instagram.com/ALEXRUDNISKI?IGSH=ATGWNHM1EWJTOHU%3D,,Deputado Federal,,,,,
Professora Angélica,7055,AVANTE,https://www.instagram.com/PROF_ANGELICAHISTORIA?IGSH=Y290EW1ZNWZZBGX1,,Deputado Federal,,,,,
Ricardo Rodrigues,7044,AVANTE,https://www.instagram.com/ricardorodrigues70kk/,,Deputado Federal,,,,,
Rodrigo Simão,7017,AVANTE,https://www.instagram.com/RODRIGOSIMAO.SJ/,,Deputado Federal,,,,,
Ruti Quinzen,7077,AVANTE,https://www.instagram.com/ruti.quinzen/,,Deputado Federal,,,,,
Sabrina Da Conceição,7013,AVANTE,https://www.instagram.com/SABRINADCONCEICAO,,Deputado Federal,,,,,
Sadi Ribeiro,70111,AVANTE,https://www.instagram.com/sadiribeirobv/,,Deputado Estadual,,,,,
Sara Melo,70222,AVANTE,https://www.instagram.com/SAAMELO_?IGSH=MWE4MMEXDWRLNWHYDG%3D%3D,,Deputado Estadual,,,,,
Sergio Marinello,7010,AVANTE,https://www.instagram.com/sergiomarinello1011/,,Deputado Federal,,,,,
Willian Esteves,70700,AVANTE,https://www.instagram.com/willianesteves.70700/,,Deputado Estadual,,,,,
Chicão Caminhoneiro 27,2710,DC,,,Deputado Federal,,,,,
Clair Da Silva,2755,DC,https://www.instagram.com/REEL/DBA5PSZRP_X/?IGSH=M3PXCZE0AXRHBTJP,,Deputado Federal,,,,,
Claudiomir Castilho Ramos,2739,DC,https://www.instagram.com/CLAUDIOMIR_R?IGSH=Z2HSC3EXNWO2DWLU,,Deputado Federal,,,,,
Djeisson Stringhini,2730,DC,https://www.instagram.com/DJEIKSSON.P.S?IGSH=MW1QN3IWB3RUCHDIZA%3D%3D&UTM_SOURCE,,Deputado Federal,,,,,
Elias De Lima,2727,DC,https://www.instagram.com/ELIASDELIMA1979?IGSH=DNEYMGJ5BGHRBMV0,,Deputado Federal,,,,,
Fran Kruck,2777,DC,https://www.instagram.com/FRAN_KRUCK?IGSH=MXHRDHRMNDLSM21VZA%3D%3D,,Deputado Federal,,,,,
Francisco Figura,2723,DC,https://www.instagram.com/PRFRANCISNETOOFICIAL?IGSH=MWNZBHQZOHA2BDNPZA%3D%3D,,Deputado Federal,,,,,
Giliardi Dorn,2799,DC,https://www.instagram.com/GILIARDIDORN_DC/,,Deputado Federal,,,,,
Jackson Soares,2789,DC,https://www.instagram.com/JACKSONESEUSTECLADOS?IGSH=MWLOCMIZMJVLDWKZYW%3D%3D,,Deputado Federal,,,,,
João Fontoura,2700,DC,,,Deputado Federal,,,,,
Leticia Paloma,2733,DC,https://www.instagram.com/LETICIAPALOMA_OFICIAL?IGSH=MTL6ZWHXA2PRYTJOCQ%3D%3D,,Deputado Federal,,,,,
Luciana Lopes,2711,DC,https://www.instagram.com/LUCIANALF45?IGSH=DGKXEGZJBXDJAJG4,,Deputado Federal,,,,,
Manoel (Ape),2700,DC,,,Deputado Federal,,,,,
Marcelo Biagiotti,2707,DC,https://www.instagram.com/MARCELOBIAGIOTTI_DEP_FED_2707/,,Deputado Federal,,,,,
Miro Do Canto Gaúcho,2701,DC,https://www.instagram.com/MIRODOKANTOGAUCHO?IGSH=MXDVBJDPBHHXCZR2YG%3D%3D,,Deputado Federal,,,,,
Sergio Da Farmacia,2722,DC,https://www.instagram.com/SERGIODAFARMACIA_OFICIAL?IGSH=MWFRETZKNTCXOXBT,,Deputado Federal,,,,,
Simone Xavier,2788,DC,https://www.instagram.com/SIMONEXAVIER_BETELFM?IGSH=MWD6OXVVM2V0B3G2AW%3D%3D&UT,,Deputado Federal,,,,,
Taize Zagonel,2744,DC,https://www.instagram.com/ZAGONELTAIZE?IGSH=OTVHC3DZMJDPDJY1,,Deputado Federal,,,,,
Tony Ramos,2712,DC,https://www.instagram.com/TONYRAMOS.2025?IGSH=MTB5AJFIDTHWDMZSEA%3D%3D,,Deputado Federal,,,,,
Adilson Girardi,15123,MDB,https://www.instagram.com/ADILSON.GIRARDI?IGSH=MWXVDWRRZWHMAZAZAG%3D%3D,,Deputado Estadual,,,,,
Angela Cad Unico,1555,MDB,https://www.instagram.com/ANGELARODRIGUESPH?IGSH=BHFTMWU3AJHLOWL4,,Deputado Federal,,,,,
Ciro,1567,MDB,https://www.instagram.com/CIROANDREQUINTINO?IGSH=MXY3YW9TD2Q4Z3NIZW%3D%3D,,Deputado Federal,,,,,
Cleiton Fossá,1500,MDB,https://www.instagram.com/CLEITON.FOSSA?IGSH=ZW8WNTJ2BGN3NJRI,,Deputado Federal,,,,,
Cris Da Saude,15700,MDB,https://www.instagram.com/CRISDASAUUDE?IGSH=MTU4YMKZZ2JPM2G1NQ%3D%3D&UTM_SOURCE=,,Deputado Estadual,,,,,
Dani Sant'Anna,1516,MDB,https://www.instagram.com/SCDANISANTANNA?UTM_SOURCE=QR,,Deputado Federal,,,,,
Delegado Jorge,15000,MDB,https://www.instagram.com/JORGELUIZKOCH?IGSH=A3Q4C3NWDW1ZAXNV,,Deputado Estadual,,,,,
Dr Natel,15055,MDB,https://www.instagram.com/DRNATEL?IGSH=MXJ5BMH4ODDICDH3DA%3D%3D,,Deputado Estadual,,,,,
Dr.Elcio,15777,MDB,https://www.instagram.com/DR.ELCIOKUHNEN?IGSH=MWVVCJZKY2M5MZFKMQ%3D%3D&UTM_SOURC,,Deputado Estadual,,,,,
Dr.Eloi,1570,MDB,https://www.instagram.com/DRELOIQUEGE?IGSH=EXVTBM00BXZ4ADDQ,,Deputado Federal,,,,,
Eduardo Bertoldi,15222,MDB,,,Deputado Estadual,,,,,
Elizeu Matos,15001,MDB,https://www.instagram.com/ELIZEUMATTOS_15?IGSH=MW9OEW8ZEWPRY3A3YW%3D%3D,,Deputado Estadual,,,,,
Emerson Maas,15670,MDB,https://www.instagram.com/EMERSONMAASOFICIAL/,,Deputado Estadual,,,,,
Emerson Stein,15100,MDB,https://www.instagram.com/EMERSONSTEINPB?IGSH=NHYXN3BTZ2LUBZV6&UTM_SOURCE=QR,,Deputado Estadual,,,,,
Fernando Krelling,15655,MDB,https://www.instagram.com/FERNANDO.KRELLING?IGSH=NHJSCNU4N3O4NXDT&UTM_SOURCE=QR,,Deputado Estadual,,,,,
Inajara Rodrigues,15905,MDB,,,Deputado Estadual,,,,,
Isaura,15234,MDB,https://www.instagram.com/ISAURAPROVIN?IGSH=EGJPDXU1AM1OEWXM,,Deputado Estadual,,,,,
Jerry Comper,15010,MDB,https://www.instagram.com/DEPUTADOJERRY?IGSH=MWTZYJM5NZG4EGJYYQ%3D%3D,,Deputado Estadual,,,,,
João Cobalchini,15600,MDB,https://www.instagram.com/JOAOCOBALCHINI,,Deputado Estadual,,,,,
Joao Matos,1598,MDB,https://www.instagram.com/joaomatos.sc/,,Deputado Federal,,,,,
Joma Fretta,1515,MDB,https://www.instagram.com/JOMAFRETTA?IGSH=MXDNOWDWEGS1ANJWAQ%3D%3D,,Deputado Federal,,,,,
Josi Menestrin,15844,MDB,https://www.instagram.com/JOSI_MENESTRINA?IGSH=EGJ2BM12OWI0NJC0,,Deputado Estadual,,,,,
Leatrice Bez,15104,MDB,https://www.instagram.com/LEATRICEBEZ?IGSH=CWDSNMOYOXV2MM83&UTM_SOURCE=QR,,Deputado Estadual,,,,,
Luciane Cooper,15715,MDB,https://www.instagram.com/LUCIANE.COOPER?IGSH=D2W4M2G4MG1QODJS,,Deputado Estadual,,,,,
Marcelo Achutti,15444,MDB,https://www.instagram.com/MARCELOACHUTTI?IGSH=MTZONDIXOHHLEHBVDW%3D%3D,,Deputado Estadual,,,,,
Marcos Both,15115,MDB,https://www.instagram.com/MARCOSBOTH_/,,Deputado Estadual,,,,,
Maria Jose,1550,MDB,https://www.instagram.com/MAZE_GATOS?IGSH=OWRPBZJ5AMXXN2K4,,Deputado Federal,,,,,
Marinêz Dos Idosos,15215,MDB,,,Deputado Estadual,,,,,
Mauro De Nadal,15220,MDB,https://www.instagram.com/MAURODENADAL,,Deputado Estadual,,,,,
Monica Borges,15111,MDB,https://www.instagram.com/monicaborgessc/,,Deputado Estadual,,,,,
Paulo Coelho,15077,MDB,https://www.instagram.com/PAULOCOELHOSC?IGSH=MTK5CZM4NG1UCHNQEG%3D%3D,,Deputado Estadual,,,,,
Pezenti,1510,MDB,https://www.instagram.com/DEPUTADOPEZENTI?IGSH=NWVTCTG0BJJQNXJ5,,Deputado Federal,,,,,
Profª. Édina,1509,MDB,https://www.instagram.com/PROF.EDINARUAS?IGSH=MWDOCXHZBM9IANG1BW%3D%3D,,Deputado Federal,,,,,
Professora Natália,1523,MDB,https://www.instagram.com/NATALIALUCIAPETRY?IGSH=DMT1AWPHCNQ4BTHI&UTM_SOURCE=QR,,Deputado Federal,,,,,
Raquel Da Reurb,1527,MDB,https://www.instagram.com/RAQUELBACHTOLD?IGSH=MTI0CXHXDTEYD2PIBW%3D%3D,,Deputado Federal,,,,,
Roberto Salum,1522,MDB,https://www.instagram.com/ROBERTOSALUMOFICIAL/,,Deputado Federal,,,,,
Rodrigo Coelho,1540,MDB,https://www.instagram.com/COELHO_RODRIGO?IGSH=MTC4EGJ4N3DKM3FOMG%3D%3D,,Deputado Federal,,,,,
Sirlei Muller,15555,MDB,https://www.instagram.com/SIRLEIMULLER15?IGSH=MWG0DXLND2PMEMVTEG%3D%3D,,Deputado Estadual,,,,,
Tarciano Oliveira,1530,MDB,,,Deputado Federal,,,,,
Teodoro,1551,MDB,https://www.instagram.com/TEODORO_ADAO?UTM_SOURCE=IG_WEB_BUTTON_SHARE_SHEET&IGSH,,Deputado Federal,,,,,
Tiago Zilli,15789,MDB,https://www.instagram.com/TIAGOZILLI_?IGSH=MTHJCMVXNNG5MZA2OQ%3D%3D,,Deputado Estadual,,,,,
Tulio Veterinario,15022,MDB,https://www.instagram.com/SANTOSTULIOTAVARES?UTM_SOURCE=QR,,Deputado Estadual,,,,,
Tuta,15015,MDB,https://www.instagram.com/TUTASOUZA_?IGSH=MWH2OTBXMMHLYJUXAQ%3D%3D,,Deputado Estadual,,,,,
Valdir Cobalchini,1560,MDB,https://www.instagram.com/VALDIRCOBALCHINI?IGSH=ZW90Z3B5DGZYM3QY,,Deputado Federal,,,,,
Vini Protetor De Animais,1588,MDB,https://www.instagram.com/vini.protetordeanimais/,,Deputado Federal,,,,,
Zagonel,1590,MDB,https://www.instagram.com/ZAGONEL_LL?IGSH=MWH5AMRQBND1A2FO,,Deputado Federal,,,,,
A A Margareth Pratts Da Missão,14000,MISSÃO,https://www.instagram.com/margarethpratts/,,Deputado Estadual,,,,,
Ademir Dos Anjos,14500,MISSÃO,https://www.instagram.com/ADEMIR.ANJOS_ADEMIR,,Deputado Estadual,,,,,
Adriana Custódio Lino,1426,MISSÃO,https://www.instagram.com/adriana.custodiolino/,,Deputado Federal,,,,,
Adriano Alberti,14881,MISSÃO,https://www.instagram.com/adrianoalberti90/reels/,,Deputado Estadual,,,,,
Ana Beatriz Koerich,1404,MISSÃO,,,Deputado Federal,,,,,
Andiara Ferreira,1400,MISSÃO,https://www.instagram.com/andiara.ferreiraadv/,,Deputado Federal,,,,,
Andressa De Oliveira,1422,MISSÃO,https://www.instagram.com/andressaoliveira_sc/,,Deputado Federal,,,,,
Anna Vargas,1407,MISSÃO,https://www.instagram.com/annavargas.sc/,,Deputado Federal,,,,,
Antonio Santos,14010,MISSÃO,,,Deputado Estadual,,,,,
Bruno Dias,1450,MISSÃO,https://www.instagram.com/brunodias.missao/,,Deputado Federal,,,,,
Byanca Dolzan,14141,MISSÃO,https://www.instagram.com/dolzanbyanca/,,Deputado Estadual,,,,,
Carlos Antunes,14040,MISSÃO,https://www.instagram.com/_carlosantunes/,,Deputado Estadual,,,,,
Carol Formigoni,14014,MISSÃO,https://www.instagram.com/carolformigoni.sc/,,Deputado Estadual,,,,,
Cleiton Siqueira,14001,MISSÃO,https://www.instagram.com/CLEITON_SIQUEIRA1?IGSH=MWVODGJ3ZMXNADKZEA%3D%3D&UTM_SOURCE=QR,,Deputado Estadual,,,,,
Comandante Edupercio Pratts,144,MISSÃO,,,Senador,,,,,
Davi Daniel Da Conceição,14001,MISSÃO,,,Deputado Estadual,,,,,
Diego Santos Vieira,144,MISSÃO,,,Senador,,,,,
Elenise Visoli,14567,MISSÃO,https://www.instagram.com/elenisecasal/,,Deputado Estadual,,,,,
Everton Melo,14411,MISSÃO,https://www.instagram.com/evertonjfmelo/,,Deputado Estadual,,,,,
Fran Villani,14007,MISSÃO,https://www.instagram.com/fran_villani/,,Deputado Estadual,,,,,
Frank Lôbo,1401,MISSÃO,https://www.instagram.com/franklobodeputado/,,Deputado Federal,,,,,
Gabriel Oliveira,14140,MISSÃO,https://www.instagram.com/gabrieloliveira_sc/,,Deputado Estadual,,,,,
Guilherme Teixeira,14700,MISSÃO,,,Deputado Estadual,,,,,
Jairo Fortunato,14999,MISSÃO,,,Deputado Estadual,,,,,
Jordam Brito,1430,MISSÃO,https://www.instagram.com/jordambrito.sc/,,Deputado Federal,,,,,
Larissa Kamers,1444,MISSÃO,https://www.instagram.com/larissakamers/,,Deputado Federal,,,,,
Léo Lamera,14444,MISSÃO,https://www.instagram.com/leolamerabr/,,Deputado Estadual,,,,,
Luana Cristina Leandro,14200,MISSÃO,,,Deputado Estadual,,,,,
Lucas Silveira,1494,MISSÃO,https://www.instagram.com/OLUCASFSILVEIRA,,Deputado Federal,,,,,
Marco A. Benedet Périco,14144,MISSÃO,https://www.instagram.com/marcodosuldomundo/,,Deputado Estadual,,,,,
Marcos Boettcher,1411,MISSÃO,https://www.instagram.com/marcosboettcher77/,,Deputado Federal,,,,,
Marcos Souza,14900,MISSÃO,,,Deputado Estadual,,,,,
Maria Patel,14222,MISSÃO,https://www.instagram.com/mariapatelmissao/,,Deputado Estadual,,,,,
Mauricio Correa,14077,MISSÃO,https://www.instagram.com/correasc14/,,Deputado Estadual,,,,,
Mauricio Couto,14555,MISSÃO,https://www.instagram.com/MAURICIOCOUTOADV?IGSH=MW94CNNODDZRYNLTZA%3D%3D,,Deputado Estadual,,,,,
Nilson Vicenti,14100,MISSÃO,https://www.instagram.com/p/DWR5_QrETaj/,,Deputado Estadual,,,,,
Orlei Correa,14123,MISSÃO,https://www.instagram.com/orleicorreia/,,Deputado Estadual,,,,,
Pablo Tessari,1440,MISSÃO,https://www.instagram.com/TESSARISC/,,Deputado Federal,,,,,
Paulo Josué,1456,MISSÃO,https://www.instagram.com/1pjosue/,,Deputado Federal,,,,,
Rafael Demarco,14414,MISSÃO,https://www.instagram.com/rafaeldemarco.sc/,,Deputado Estadual,,,,,
Ricardo Becker,14777,MISSÃO,https://www.instagram.com/ricardobecker14777/,,Deputado Estadual,,,,,
Santiago Cesar,1477,MISSÃO,https://www.instagram.com/santiagocesarsc/,,Deputado Federal,,,,,
Suelen Bugiareki,14242,MISSÃO,,,Deputado Estadual,,,,,
Tainara Campestrini,14333,MISSÃO,https://www.instagram.com/campestrinitainara/,,Deputado Estadual,,,,,
Tiago Horstmann,14400,MISSÃO,https://www.instagram.com/tiago.horstmann/,,Deputado Estadual,,,,,
Tuco Farias,1415,MISSÃO,https://www.instagram.com/tucofariassc/,,Deputado Federal,,,,,
Túlio De Amorim,144,MISSÃO,https://www.instagram.com/tulioteconta/,,Senador,,,,,
Visoli,1410,MISSÃO,https://www.instagram.com/vagner.visoli/,,Deputado Federal,,,,,
Yolanda Silva,14111,MISSÃO,https://www.instagram.com/yolandasilva_sc/,,Deputado Estadual,,,,,
Amanda Teixeira,3008,NOVO,https://www.instagram.com/AMANDATEIXEIRAHS/,,Deputado Federal,,,,,
André De Oliveira,3010,NOVO,https://www.instagram.com/ANDREOLIVEIRA.SC,,Deputado Federal,,,,,
Anna Valente,3031,NOVO,https://www.instagram.com/ANNAVALENTE.SC,,Deputado Federal,,,,,
Bernadete Souza,30003,NOVO,https://www.instagram.com/BERNADETESOUZA.SC,,Deputado Estadual,,,,,
Bia Borba,3022,NOVO,https://www.instagram.com/BEATRIZBORBASC/,,Deputado Federal,,,,,
Carla Corrêa,30227,NOVO,https://www.instagram.com/CARLADANIELLECORREA?IGSH=MW91YWD4YXVWENDSDQ%3D%3D&UTM_,,Deputado Estadual,,,,,
Carlos Otto,30111,NOVO,https://www.instagram.com/NOVOPORTOUNIAO,,Deputado Estadual,,,,,
Carol Matos,30567,NOVO,https://www.instagram.com/carolmatos_ap/,,Deputado Estadual,,,,,
César Damiani,30789,NOVO,https://www.instagram.com/cesardamianioficial/,,Deputado Estadual,,,,,
Ciliane Augustin,30130,NOVO,https://www.instagram.com/CILIANE_W_AUGUSTIN,,Deputado Estadual,,,,,
Cris Milli,30180,NOVO,https://www.instagram.com/CRISMILLI_?IGSH=BHOXZMXXY2NQBNZM&UTM_SOURCE=QR,,Deputado Estadual,,,,,
Cryslan,30500,NOVO,https://www.instagram.com/CRYSLAN,,Deputado Estadual,,,,,
Ely Silveira,30777,NOVO,https://www.instagram.com/ELYSILVEIRA,,Deputado Estadual,,,,,
Érico Vinicius,3000,NOVO,https://www.instagram.com/ERICOVINICIUSDONOVO/,,Deputado Federal,,,,,
Gilson Ciconet,30033,NOVO,https://www.instagram.com/GILSONCICONET?IGSH=ZTA1BNJ1C2DJATFL&UTM_SOURCE=QR,,Deputado Estadual,,,,,
Gilson Marques,3050,NOVO,https://www.instagram.com/GILSON.MARQUES.NOVO/,,Deputado Federal,,,,,
Glenda Gerber,3007,NOVO,https://www.instagram.com/@glendagerber,,Deputado Federal,,,,,
Guilherme Martins,30190,NOVO,https://www.instagram.com/guilhermemartins.sc/,,Deputado Estadual,,,,,
Isadora Piana,30900,NOVO,https://www.instagram.com/ISADORAPIANA.SC/,,Deputado Estadual,,,,,
Jairo Teixeira,30200,NOVO,https://www.instagram.com/JAIRONAAREA,,Deputado Estadual,,,,,
Júlia Ilha,30321,NOVO,https://www.instagram.com/JULIAILHAA/,,Deputado Estadual,,,,,
Julio Bolfe,30021,NOVO,https://www.instagram.com/JULIOBOLFE,,Deputado Estadual,,,,,
Jungles Wegher,3017,NOVO,https://www.instagram.com/JUNGLESWEGHER,,Deputado Federal,,,,,
Kaue Oliveira,3049,NOVO,https://www.instagram.com/KAUEOLIVEIRAA1/,,Deputado Federal,,,,,
Lizandra Dadam,30123,NOVO,https://www.instagram.com/LIZANDRADADAM,,Deputado Estadual,,,,,
Lucas Gotardo,3088,NOVO,https://www.instagram.com/LUCASWGOTARDO/,,Deputado Federal,,,,,
Lucas Jean,30700,NOVO,https://www.instagram.com/LUCASJEAN.SC/,,Deputado Estadual,,,,,
Luciano Pereira,30030,NOVO,https://www.instagram.com/LUCIANOPEREIRAPH,,Deputado Estadual,,,,,
Lucio Vanderlinde,3021,NOVO,https://www.instagram.com/LUCIOVANDERLINDE,,Deputado Federal,,,,,
Maria Barros,30128,NOVO,https://www.instagram.com/cidatelles_2008,,Deputado Estadual,,,,,
Mario Felippi,30007,NOVO,https://www.instagram.com/MARIOFELIPPI,,Deputado Estadual,,,,,
Matheus Cadorin,30000,NOVO,https://www.instagram.com/Cadorin.matheus,,Deputado Estadual,,,,,
Matheus Testa,30221,NOVO,https://www.instagram.com/matheustestasc,,Deputado Estadual,,,,,
Michele Marques,30600,NOVO,https://www.instagram.com/michelemarques.sc,,Deputado Estadual,,,,,
Morgana Daniel,3033,NOVO,https://www.instagram.com/MORGANADANIEL/,,Deputado Federal,,,,,
Neto Petters Do Novo,30456,NOVO,https://www.instagram.com/netopetters,,Deputado Estadual,,,,,
Odair Tramontin,30300,NOVO,https://www.instagram.com/odairtramontin/,,Deputado Estadual,,,,,
Pamelys Barros,3099,NOVO,https://www.instagram.com/PAMELYS.ADV/,,Deputado Federal,,,,,
Prof Norma Rodrigues,30050,NOVO,https://www.instagram.com/norma_rodrigues0574,,Deputado Estadual,,,,,
Rafael Nogueira,3006,NOVO,https://www.instagram.com/NOGUEIRA.R,,Deputado Federal,,,,,
Ramon Tartari,30147,NOVO,https://www.instagram.com/RAMONTARTARI,,Deputado Estadual,,,,,
Reitor Claudio Jacoski,3090,NOVO,https://www.instagram.com/CLAUDIOJACOSKI,,Deputado Federal,,,,,
Renata Ferreira,30220,NOVO,https://www.instagram.com/RE_VIEIRA_HIPISMO,,Deputado Estadual,,,,,
Ricardo Oliveira,3060,NOVO,https://www.instagram.com/RICARDOOLIVEIRA.NOVO,,Deputado Federal,,,,,
Rick Zanata,30222,NOVO,https://www.instagram.com/rickzanata.bq/,,Deputado Estadual,,,,,
Roberto Pereira,30999,NOVO,https://www.instagram.com/ROBERTO.CPEREIRA,,Deputado Estadual,,,,,
Robson Calixto,30555,NOVO,https://www.instagram.com/DA_CAPITAL_PARA_O_INTERIOR?IGSH=ANN5A2OXBGLZCNHV,,Deputado Estadual,,,,,
Rodrigo Livramento,3030,NOVO,https://www.instagram.com/RODRIGO__LIVRAMENTO/,,Deputado Federal,,,,,
Roberto Pereira,30100,NOVO,https://www.instagram.com/ROBERTO.CPEREIRA,,Deputado Estadual,,,,,
Tatiane Santana,30800,NOVO,https://www.instagram.com/tatiane_b_santana/,,Deputado Estadual,,,,,
Thayse Helena,30707,NOVO,https://www.instagram.com/thayse_tubarao_sc/,,Deputado Estadual,,,,,
Tita Almeida,30001,NOVO,https://www.instagram.com/tita.cn/,,Deputado Estadual,,,,,
Vinicius Borges,30333,NOVO,https://www.instagram.com/viniciusnovolages/,,Deputado Estadual,,,,,
Wilson Cidrão,30022,NOVO,https://www.instagram.com/WILCIDRAO,,Deputado Estadual,,,,,
Ana Paula Adão,2999,PCO,,,Deputado Federal,,,,,
Arthur Cesconetto,2929,PCO,,,Deputado Federal,,,,,
Caroline Sant Anna,290,PCO,,,Senador,,,,,
A Júlia Da Causa Animal,12022,PDT,https://www.instagram.com/JULIAOPUSKI/,,Deputado Estadual,,,,,
Adilson Da Saúde,1245,PDT,,,Deputado Federal,,,,,
Advogado Marco Buzzi,1233,PDT,https://www.instagram.com/advogadomarcobuzzi?igsh=NGw5dHY2dWdkYXg5&igsi=NGw5dHY2dWdkYXg5,,Deputado Federal,,,,,
Alexandre Caminha,12222,PDT,https://www.instagram.com/alexandre.caminha?igsh=MXg1dDR2Z3YzMXUwYQ==&igsi=MXg1dDR2Z3YzMXUwYQ==,,Deputado Estadual,,,,,
Ana Liz,12777,PDT,https://www.instagram.com/analizoficial.sc?igsh=MWt3c3M0czE0cGUwZw==&igsi=MWt3c3M0czE0cGUwZw==,,Deputado Estadual,,,,,
André Guesser,12456,PDT,https://www.instagram.com/andreguesser?igsh=MTRqa2xwYTU3MHNyeg==&igsi=MTRqa2xwYTU3MHNyeg==,,Deputado Estadual,,,,,
André Xavier,12121,PDT,HTTPS://WWW.INSTAGRAM.COM/ANDRE.SUSTENTAVEL/ - HTTPS://WWW.INSTAGRAM.COM/ANDRE.SUSTENTAVEL/,,Deputado Estadual,,,,,
Carlos Castro,12055,PDT,https://www.instagram.com/CASTRODIREITO/,,Deputado Estadual,,,,,
Carol Da Rocha,12333,PDT,https://www.instagram.com/CAROLLDAROCHA/,,Deputado Estadual,,,,,
Ciça Müller,12012,PDT,https://www.instagram.com/CICA.MULLER/,,Deputado Estadual,,,,,
Dorlei,12678,PDT,https://www.instagram.com/DORLEIANTUNES/,,Deputado Estadual,,,,,
Dr. Anibal Dario,12999,PDT,https://www.instagram.com/DR.ANIBALDARIO/,,Deputado Estadual,,,,,
Eliane Araujo,12444,PDT,https://www.instagram.com/LIA.AXE_ELIANEARAUJO/,,Deputado Estadual,,,,,
Graci Da Saúde,1213,PDT,https://www.instagram.com/GRACIELAWIEMES/,,Deputado Federal,,,,,
Gui Pereira,12100,PDT,https://www.instagram.com/GUIPEREIRASC/,,Deputado Estadual,,,,,
Haneron,12200,PDT,https://www.instagram.com/HANERONMARCOS/,,Deputado Estadual,,,,,
Hilda Deola,12000,PDT,https://www.instagram.com/HILDADEOLA/,,Deputado Estadual,,,,,
Indígena Adriana,1210,PDT,https://www.instagram.com/INDIGENA.ADRIANA/,,Deputado Federal,,,,,
Ivan Marques,1212,PDT,https://www.instagram.com/IVANMARQUESXXE/,,Deputado Federal,,,,,
Jana Guedes,12355,PDT,https://www.instagram.com/janaguedes6/,,Deputado Estadual,,,,,
Janete Krueger,12102,PDT,https://www.instagram.com/JANETE.KRUEGER/,,Deputado Estadual,,,,,
Jefinho Chupel,12001,PDT,https://www.instagram.com/JEFINHOCHUPEL/,,Deputado Estadual,,,,,
João Roque,12320,PDT,https://www.instagram.com/JOAO.ROQUE15/,,Deputado Estadual,,,,,
Jordana Protetora Animal,1231,PDT,https://www.instagram.com/JORDANASANZ/,,Deputado Federal,,,,,
José Carlos,12321,PDT,https://www.instagram.com/TVNAVEGAONLINE/,,Deputado Estadual,,,,,
Jr Esportes,12220,PDT,https://www.instagram.com/ADALBERTO_VJUNIOR/,,Deputado Estadual,,,,,
Juliano Lima,12400,PDT,https://www.instagram.com/JULIANO._LIMA/,,Deputado Estadual,,,,,
Juninho,12095,PDT,https://www.instagram.com/JOSECARLOSSILVAJR.ADV/,,Deputado Estadual,,,,,
Lu Dias,12300,PDT,https://www.instagram.com/LUDIAS2107/,,Deputado Estadual,,,,,
Luciano Buligon,12123,PDT,https://www.instagram.com/LUCIANOBULIGON/,,Deputado Estadual,,,,,
Magno Júnior,12191,PDT,,,Deputado Estadual,,,,,
Mariana Franco,12180,PDT,https://www.instagram.com/MARIANAFRANCOSC/,,Deputado Estadual,,,,,
Prof. Evandro Accadrolli,12640,PDT,https://www.instagram.com/evandroaccadrolli/,,Deputado Estadual,,,,,
Prof. Fabricio,12500,PDT,https://www.instagram.com/fabriciodalcastagne/,,Deputado Estadual,,,,,
Pupo Junckes,12280,PDT,https://www.instagram.com/junckesevaldojoao/p/DcGmjwaqfkQ/,,Deputado Estadual,,,,,
Reitor Anderson,1234,PDT,https://www.instagram.com/AAMMARTINS2009/,,Deputado Federal,,,,,
Rita Lang,12282,PDT,https://www.instagram.com/RITACASSIALANG/,,Deputado Estadual,,,,,
Rodrigo Barros,12111,PDT,https://www.instagram.com/RODRIGO.BARROS121/,,Deputado Estadual,,,,,
Rodrigo Barzotto,1230,PDT,https://www.instagram.com/RODRIGO.BARZOTTO/,,Deputado Federal,,,,,
Rodrigo Minotto,12345,PDT,https://www.instagram.com/DEPUTADORODRIGOMINOTTO/,,Deputado Estadual,,,,,
Rodrigo Pottmaier,1222,PDT,,,Deputado Federal,,,,,
Rosenvaldo Junior,12789,PDT,https://www.instagram.com/ROSENVALDOJUNIOR/,,Deputado Estadual,,,,,
Selma Adão,12612,PDT,https://www.instagram.com/SELMADA0/,,Deputado Estadual,,,,,
Victor Piccoli,12555,PDT,https://www.instagram.com/VICTORPICCOLISC/,,Deputado Estadual,,,,,
Victória Salgado,12112,PDT,https://www.instagram.com/VICTORIASALGADOSC/,,Deputado Estadual,,,,,
A Fabi Venera,22357,PL,https://www.instagram.com/fabivenera/,,Deputado Estadual,,,,,
A. Deco Batisti,22999,PL,https://www.instagram.com/DECOBATISTI/,,Deputado Estadual,,,,,
Adrianinha Da Saúde,22192,PL,https://www.instagram.com/ADRIANINHADASAUDE?IGSH=MWTXM21HA3DZDXRTNW%3D%3D,,Deputado Estadual,,,,,
Alex Brasil,22000,PL,https://www.instagram.com/DEPUTADOALEXBRASIL,,Deputado Estadual,,,,,
Ana Campagnolo,22222,PL,https://www.instagram.com/anacampagnolo/,,Deputado Estadual,,,,,
Angioletti Rubens,2299,PL,https://www.instagram.com/RUBENSANGIOLETTI/,,Deputado Federal,,,,,
Anilza Simas,22777,PL,https://www.instagram.com/nilzasimas/,,Deputado Estadual,,,,,
Bruno Souza,22722,PL,https://www.instagram.com/brunosouza.sc/,,Deputado Estadual,,,,,
Camilo Martins,22369,PL,https://www.instagram.com/camilomartinssc/?hl=pt-br,,Deputado Estadual,,,,,
Carla Enfermeira,22522,PL,https://www.instagram.com/CARLA.RUDOLF?IGSH=MWF4Y2O0DME2BTJM,,Deputado Estadual,,,,,
Carlos Bolsonaro,222,PL,https://www.instagram.com/CARLOSBOLSONARO,,Senador,,,,,
Carlos Humberto,22444,PL,https://www.instagram.com/CARLOSHUMBERTOBC/,,Deputado Estadual,,,,,
Carol De Toni,221,PL,https://www.instagram.com/CAROLINEDETONI,,Senador,,,,,
Chica Do Eskudlark,22822,PL,https://www.instagram.com/CHICADOESKUDLARK/,,Deputado Estadual,,,,,
Cleci Veronezi,22282,PL,https://www.instagram.com/prefeita_cleciveronezi/,,Deputado Estadual,,,,,
Coronel Mocellin,22193,PL,https://www.instagram.com/CORONELMOCELLIN/,,Deputado Estadual,,,,,
Daniel Freitas,2211,PL,https://www.instagram.com/DANIELCFREITAS/,,Deputado Federal,,,,,
Daniela Reinehr,2210,PL,https://www.instagram.com/danielareinehr/?hl=pt-br,,Deputado Federal,,,,,
Delegado Ulisses,22111,PL,https://www.instagram.com/DELEGADOULISSES/,,Deputado Estadual,,,,,
Dr. Marcelo Reis,2223,PL,https://www.instagram.com/DRMARCELOREISSC/,,Deputado Federal,,,,,
Edilson Massocco,22150,PL,https://www.instagram.com/EDILSONMASSOCCO/,,Deputado Estadual,,,,,
Everaldo Di Berti,22007,PL,https://www.instagram.com/everaldodiberti/,,Deputado Estadual,,,,,
Fernanda Córdova,2201,PL,https://www.instagram.com/FERNANDACORDOVASC,,Deputado Federal,,,,,
Fernando Cordeiro,2221,PL,https://www.instagram.com/FERNANDOCORDEIROSC/,,Deputado Federal,,,,,
Flávia Ribas,22211,PL,https://www.instagram.com/flavia_ribas_/,,Deputado Estadual,,,,,
Frigo,22100,PL,https://www.instagram.com/TIAGOBOLANFRIGO/,,Deputado Estadual,,,,,
Guilherme Colombo,22333,PL,https://www.instagram.com/GUILHERMECOLOMBOSC,,Deputado Estadual,,,,,
Ismael Dos Santos,2277,PL,https://www.instagram.com/DEPUTADOISMAEL,,Deputado Federal,,,,,
Ivan Naatz,22555,PL,https://www.instagram.com/DEPUTADOIVANNAATZ/,,Deputado Estadual,,,,,
Jair Bolsonaro,2222,PL,https://www.instagram.com/bolsonaro_jr/,,Deputado Federal,,,,,
Jair Miotto,22422,PL,https://www.instagram.com/jairmiotto,,Deputado Estadual,,,,,
Jessé Lopes,22022,PL,https://www.instagram.com/DEPUTADOJESSELOPES/,,Deputado Estadual,,,,,
João Paulo Kleinübing,2288,PL,https://www.instagram.com/JPKLEINUBING,,Deputado Federal,,,,,
Júlia Zanatta,2233,PL,https://www.instagram.com/zanattajuliadeputada/,,Deputado Federal,,,,,
Juliana Maciel,22200,PL,https://www.instagram.com/JULIANAMACIEL_OFICIAL/,,Deputado Estadual,,,,,
Juliethe Nitz,2244,PL,https://www.instagram.com/JULIETHENITZ/,,Deputado Federal,,,,,
Junior Cardoso,22322,PL,https://www.instagram.com/JUNIORCARDOSO.SC/,,Deputado Estadual,,,,,
Lavinya Dealis,22005,PL,https://www.instagram.com/LAVINYA_DEALIS/,,Deputado Estadual,,,,,
Letícia Mattos,22888,PL,https://www.instagram.com/LETICIAMATTOSSC/,,Deputado Estadual,,,,,
Manu Vieira,2248,PL,https://www.instagram.com/MANUVIEIRASC/,,Deputado Federal,,,,,
Marcius Machado,22123,PL,https://www.instagram.com/MARCIUSMACHADO,,Deputado Estadual,,,,,
Marcos Da Rosa,22077,PL,https://www.instagram.com/DEPUTADOMARCOSDAROSA/,,Deputado Estadual,,,,,
Mário Hildebrandt,22199,PL,https://www.instagram.com/HILDEBRANDTMARIO?IGSH=ANHUZWFHZHLXOXFL,,Deputado Estadual,,,,,
Martinha Ferreira,2202,PL,https://www.instagram.com/LUZMARTAFERREIRA?IGSH=ZDN6EDM5YWI0DJLX&UTM_SOURCE=QR,,Deputado Federal,,,,,
Maurício Peixer,22122,PL,https://www.instagram.com/MAURICIOPEIXER?IGSHID=MZRLODBINWFLZA%3D%3D,,Deputado Estadual,,,,,
Michel,22456,PL,https://www.instagram.com/michelschlemper/,,Deputado Estadual,,,,,
Oscar Gutz,22470,PL,https://www.instagram.com/DEPUTADOOSCARGUTZ,,Deputado Estadual,,,,,
"Professora Bruni,",22002,PL,https://www.instagram.com/professorabruni?igsh=MTAwY3JmY3FwbDh2cA%3D%3D&igsi=MTAwY3J,,Deputado Estadual,,,,,
Ricardo Guidi,2200,PL,https://www.instagram.com/RICARDOZGUIDI,,Deputado Federal,,,,,
Rodrigo Pedrini,22233,PL,https://www.instagram.com/ANDRELUIZPACHECO01081976?IGSH=C3FOZDQXAGV6ZWO4&IGSI=C3,,Deputado Estadual,,,,,
Sargento Lima,2212,PL,https://www.instagram.com/DEPSARGENTOLIMA,,Deputado Federal,,,,,
Sargento Pacheco,22190,PL,https://www.instagram.com/ANDRELUIZPACHECO01081976?IGSH=C3FOZDQXAGV6ZWO4&IGSI=C3,,Deputado Estadual,,,,,
Saulo Sperotto,22245,PL,https://www.instagram.com/saulosperotto/,,Deputado Estadual,,,,,
Sorgatto,22234,PL,https://www.instagram.com/LEANDROSORGATTO/,,Deputado Estadual,,,,,
Valdir Colatto,2216,PL,https://www.instagram.com/VALDIRCOLATTO/,,Deputado Federal,,,,,
Wilian Tonezi,22001,PL,https://www.instagram.com/WTONEZI,,Deputado Estadual,,,,,
Zé Trovão,2220,PL,https://www.instagram.com/ZETROVAODEPUTADO/,,Deputado Federal,,,,,
Abia Alves,20555,PODE,https://www.instagram.com/BIAALVES.SC?IGSH=ZW0WNXBZEWRYCGGZ,,Deputado Estadual,,,,,
Alex Corrêa,20620,PODE,https://www.instagram.com/ALEX.CORREA_10/,,Deputado Estadual,,,,,
Alexandre José,20300,PODE,https://www.instagram.com/ALEXANDREJOSESC/,,Deputado Estadual,,,,,
Andrson Sandmann,20888,PODE,https://www.instagram.com/ander_sandmann.sc/,,Deputado Estadual,,,,,
Bismark Do Canal Hipócritas,2026,PODE,https://www.instagram.com/BIBIHIPOCRITAS1?UTM_SOURCE=IG_WEB_BUTTON_SHARE_SHEET&I,,Deputado Federal,,,,,
Caca Tavares,20111,PODE,https://www.instagram.com/CACATAVARESBRUSQUE?IGSH=DHI2DDDLZXY2YJG0,,Deputado Estadual,,,,,
Carlinha,20055,PODE,https://www.instagram.com/CARLA.ZPEREIRA?IGSH=MTZNB3E0DDFSNWXRNG%3D%3D,,Deputado Estadual,,,,,
Cris Quadros,20026,PODE,https://www.instagram.com/CRISTIANECLAUDINOQUADROS?IGSH=MWNPY3F1NJFZCJBKMA%3D%3D,,Deputado Estadual,,,,,
Cristiane Loureiro,2040,PODE,https://www.instagram.com/cristianeloureiro,,Deputado Federal,,,,,
Danilo Visconti,2000,PODE,https://www.instagram.com/jovenscomdanilo,,Deputado Federal,,,,,
Dr Mario Carvalho,20034,PODE,https://www.instagram.com/mariocarvalho.sc/,,Deputado Estadual,,,,,
Dr. Eroni Foresti,20400,PODE,,,Deputado Estadual,,,,,
Dra. Sandra,2002,PODE,https://www.instagram.com/DRASANDRAMFIGUEIREDO?IGSH=B285EDVLBNNWDDFR,,Deputado Federal,,,,,
Fabio Botelho,20020,PODE,https://www.instagram.com/FABIOBOTELHO_SC?IGSH=ZWH5A2F2CNDOAMCY,,Deputado Estadual,,,,,
Flaviana Rocho,20250,PODE,,,Deputado Estadual,,,,,
Gemada,2050,PODE,https://www.instagram.com/VEREADORGEMADA?IGSH=DWHUBTDHM2NUNTV6,,Deputado Federal,,,,,
Gilberto Leal - Giba,20333,PODE,https://www.instagram.com/GILBERTO.LEALJUNIOR?IGSH=BXG3CG5OD3LZYXVQ,,Deputado Estadual,,,,,
Iara Hausmann,20122,PODE,https://www.instagram.com/iarahausmann.oficial,,Deputado Estadual,,,,,
Ito De Souza,2055,PODE,https://www.instagram.com/ITODESOUZA?IGSH=MWL3ZHZRYXMWZJLSZA%3D%3D,,Deputado Federal,,,,,
Jean Anti Granizo,20789,PODE,https://www.instagram.com/JEANCARLOANTIGRANIZO?IGSH=MWS5MJDHMXN6YXRXYW%3D%3D,,Deputado Estadual,,,,,
Jessica Prado,20777,PODE,https://www.instagram.com/JESSICAPRADOHERBER?IGSH=MWCZYXZ6Z2N1ZTFLOA%3D%3D,,Deputado Estadual,,,,,
Joab Da Pesca,2077,PODE,https://www.instagram.com/JOABDAPESCA?UTM_SOURCE=IG_WEB_BUTTON_SHARE_SHEET&IGSH=,,Deputado Federal,,,,,
Joel Santos Da Rádio,20007,PODE,https://www.instagram.com/JOEL_L_SANTOS?IGSH=MWTSEXHNCTF0BDL0BW%3D%3D,,Deputado Estadual,,,,,
Jorge Kruger,20123,PODE,https://www.instagram.com/jorgeakruger_/,,Deputado Estadual,,,,,
Lairton Bolico Da Saude,20120,PODE,,,Deputado Estadual,,,,,
Liliane Da Frada,2007,PODE,https://www.instagram.com/LILIANEDAFRADA?IGSH=MXF1BZD5ATM2YTM2ZW%3D%3D,,Deputado Federal,,,,,
Lu Indalécio,20010,PODE,https://www.instagram.com/LUINDALECIOO?IGSH=MWVLAHLJEME1AGJTOA%3D%3D,,Deputado Estadual,,,,,
Lucas Lucindo,20005,PODE,https://www.instagram.com/LLUCINDOV,,Deputado Estadual,,,,,
Lucas Melo,20666,PODE,https://www.instagram.com/LUCAS.D.MELLO?IGSH=MXFUM3PTCHA1EDVJDW%3D%3D,,Deputado Estadual,,,,,
Mariel Grando,20522,PODE,https://www.instagram.com/MARIELGRANDO?IGSH=MWZRCMDVZ3RLYXIXBA%3D%3D,,Deputado Estadual,,,,,
Marquinho Kurtz,20456,PODE,https://www.instagram.com/MARQUINHOKURTZBC/,,Deputado Estadual,,,,,
Martina Dominguez,20444,PODE,https://www.instagram.com/MARTINA.DOMINGUES,,Deputado Estadual,,,,,
Melissa Medeiros,2030,PODE,,,Deputado Federal,,,,,
Nega Grazi,2014,PODE,https://www.instagram.com/NEGAHAGRAZI?IGSH=MXBTDDVKDMOZBJN6,,Deputado Federal,,,,,
Osmar Teixeira,20106,PODE,https://www.instagram.com/OSMARTEIXEIRAITAJAI?IGSH=MTDIDXPJNTIYENL2CW%3D%3D,,Deputado Estadual,,,,,
Paulinha,2020,PODE,https://www.instagram.com/DEPUTADAPAULINHA?IGSH=MWTMBHPUOHF4AGNUNG%3D%3D,,Deputado Federal,,,,,
Pedro Santacannabis,20420,PODE,https://www.instagram.com/PEDROSANTACANNABIS?IGSH=ATV0ADVMEG80MNJO,,Deputado Estadual,,,,,
Preta,20600,PODE,https://www.instagram.com/PRETA.BIAVA/,,Deputado Estadual,,,,,
Prof. Renato,20321,PODE,https://www.instagram.com/RENATOCRISTOPHER?IGSH=DNY2AXM4OTF5N2H2,,Deputado Estadual,,,,,
Professora Caterine,20200,PODE,https://www.instagram.com/PROFESSORACATERINE?IGSH=MTFLY3O3ZNLYCMKZZA%3D%3D,,Deputado Estadual,,,,,
Rabuja,20470,PODE,https://www.instagram.com/RABUJA.SC?IGSH=MW5XEMJMYMT6ODY3EA%3D%3D,,Deputado Estadual,,,,,
Raquel Afonso,20021,PODE,https://www.instagram.com/RAQUEL__AFONSO?IGSH=MNF1DHDIYMUWDML1,,Deputado Estadual,,,,,
Regina Guzzi,2021,PODE,https://www.instagram.com/REGINAAGUZZI_?IGSH=MTJWCDBTBMJNZ3H3OA%3D%3D,,Deputado Federal,,,,,
Renata Aguiar - Kida,20999,PODE,https://www.instagram.com/RENATA.AGUIAR86?IGSH=MXVJDNVLAMFMMWJ3EG%3D%3D,,Deputado Estadual,,,,,
Ricardo Ganem,2010,PODE,https://www.instagram.com/RICARDOGANEM.SC?IGSH=MWHINW5PA3NXEDVQMA,,Deputado Federal,,,,,
Rosiney Horácio,2022,PODE,https://www.instagram.com/ROSINEYHORACIO?IGSH=MTHKNG8WBMXZCXIYCA%3D%3D,,Deputado Federal,,,,,
Sargento Floriano,20190,PODE,https://www.instagram.com/SARGENTOFLORIANO?IGSH=MXH4AHJJDDRHDGFSBG%3D%3D,,Deputado Estadual,,,,,
Subtenente Antunes Do Trânsito,20500,PODE,https://www.instagram.com/ATANIRANTUNES?IGSH=MTR2ZDN2CJVPETFWZG%3D%3D,,Deputado Estadual,,,,,
Tete Do Procon,20151,PODE,https://www.instagram.com/TETESOUZASJ?IGSH=EG1LCNF0Y3C1N3NJ,,Deputado Estadual,,,,,
Thiago Vieira,20000,PODE,https://www.instagram.com/THIAGOVIEIRAPM?IGSH=MWPUCM0YETM5ODVHCW%3D%3D,,Deputado Estadual,,,,,
Tito Zanin,20222,PODE,https://www.instagram.com/ZANINTITO?IGSH=MWFVA3FUN3DZCHM3EG%3D%3D,,Deputado Estadual,,,,,
Vinicius Ganem,20100,PODE,https://www.instagram.com/viniciusganem.fibromialgia/,,Deputado Estadual,,,,,
Volmar Bosquetti,2004,PODE,https://www.instagram.com/VOLMARBOSQUETTI?IGSH=MZIXZXVJOTJVDMVP,,Deputado Federal,,,,,
Wagner Araújo,20220,PODE,https://www.instagram.com/WAGNER_ARAUJOSC?IGSH=NDUYY2Y5EGS3AHPU,,Deputado Estadual,,,,,
Adriana,7707,PRD/SOLIDARIEDADE,https://www.instagram.com/254535adriana/,,Deputado Federal,,,,,
Alba,25222,PRD/SOLIDARIEDADE,https://www.instagram.com/DEPUTADOALBA/,,Deputado Estadual,,,,,
Alcir Marcos,77007,PRD/SOLIDARIEDADE,https://www.instagram.com/alcirmanoelmarcos/,,Deputado Estadual,,,,,
Alex Burnier,2522,PRD/SOLIDARIEDADE,https://www.instagram.com/ALEX_BURNIER?IGSH=DWHSD2FUZTBYBJBS,,Deputado Federal,,,,,
Angel,2577,PRD/SOLIDARIEDADE,https://www.instagram.com/GODINHOCRICIUMA?IGSH=N3IXNHJ3C3O4BGPL,,Deputado Federal,,,,,
Barbara Costa,25296,PRD/SOLIDARIEDADE,,,Deputado Estadual,,,,,
Bombeiro Alan Martins,25193,PRD/SOLIDARIEDADE,https://www.instagram.com/BOMBEIROALANMARTINS?IGSH=MWF3ZGRQB2HLEWJMZQ%3D%3D&UTM_,,Deputado Estadual,,,,,
Cabo Santana,7725,PRD/SOLIDARIEDADE,,,Deputado Federal,,,,,
Carol Uber,2575,PRD/SOLIDARIEDADE,,,Deputado Federal,,,,,
Decio Moser,2555,PRD/SOLIDARIEDADE,https://www.instagram.com/MOSERDECIO/,,Deputado Federal,,,,,
Emmanuel Tuca,25000,PRD/SOLIDARIEDADE,https://www.instagram.com/emmanueltuca/,,Deputado Estadual,,,,,
Fabiano Patriota,2500,PRD/SOLIDARIEDADE,https://www.instagram.com/FABIANOBOLSONARO/,,Deputado Federal,,,,,
Guilherme Duarte,25250,PRD/SOLIDARIEDADE,https://www.instagram.com/EUSOUDUARTEEE?IGSH=MWXICTM4NTNYNHZWMG%3D%3D&UTM_SOURCE,,Deputado Estadual,,,,,
Guilherme Henrique,2520,PRD/SOLIDARIEDADE,https://www.instagram.com/GUILHERMEHENRIQUE.SC/,,Deputado Federal,,,,,
Irineu Filho,25190,PRD/SOLIDARIEDADE,https://www.instagram.com/irineudesouzafilhoo/,,Deputado Estadual,,,,,
Jeferson Da Rocha,250,PRD/SOLIDARIEDADE,https://www.instagram.com/JEFERSONROCHA.AGRO?IGSH=D3JVNHFWBTJ2C2JZ,,Senador,,,,,
Joao Do Posto,25098,PRD/SOLIDARIEDADE,https://www.instagram.com/JOAODOPOSTONAVEGA_PRD.25?IGSH=NTHTAG53MMLUEWH0,,Deputado Estadual,,,,,
Jorge Godinho,7722,PRD/SOLIDARIEDADE,https://www.instagram.com/GODINHOCRICIUMA?IGSH=N3IXNHJ3C3O4BGPL,,Deputado Federal,,,,,
Josi Carvalho,25333,PRD/SOLIDARIEDADE,,,Deputado Estadual,,,,,
Jucy Eckart,25256,PRD/SOLIDARIEDADE,https://www.instagram.com/JUCYECKART?IGSH=MWYZEXPKZ3NOBNVKNW%3D%3D&UTM_SOURCE=QR,,Deputado Estadual,,,,,
Juliana Tomaz,25550,PRD/SOLIDARIEDADE,https://www.instagram.com/julianatomaz_sc/,,Deputado Estadual,,,,,
Juliano Martins,25022,PRD/SOLIDARIEDADE,https://www.instagram.com/JULIANO_MARTINSSC?IGSH=OWJKBTY4EMZ2DWJ0&UTM_SOURCE=QR,,Deputado Estadual,,,,,
Lindameri Rodrigues,2557,PRD/SOLIDARIEDADE,,,Deputado Federal,,,,,
Lobão Segurança,25023,PRD/SOLIDARIEDADE,,,Deputado Estadual,,,,,
Michel Costa,25255,PRD/SOLIDARIEDADE,https://www.instagram.com/MICHELCOSTA_VOZDOMIGRANTE?IGSH=N2RWDWL2B2ZLAHP6,,Deputado Estadual,,,,,
Michelle Schwanke,2552,PRD/SOLIDARIEDADE,https://www.instagram.com/MICHELLE.SCHWANKE.ARQUITETA?IGSH=MWZ6NJI5DGNHATQYAA%3D%3D,,Deputado Federal,,,,,
Mirandda,25888,PRD/SOLIDARIEDADE,,,Deputado Estadual,,,,,
Professor Ozzy,25025,PRD/SOLIDARIEDADE,https://www.instagram.com/PROF__OZZY?IGSH=MTZMDWUYODNWCXHLBA%3D%3D,,Deputado Estadual,,,,,
Ronan Souza,25555,PRD/SOLIDARIEDADE,https://www.instagram.com/RONANSOUZA.OFICIAL?IGSH=AZK2A293MXC1DMJV&UTM_SOURCE=QR,,Deputado Estadual,,,,,
Rosinha Do Povo,25549,PRD/SOLIDARIEDADE,,,Deputado Estadual,,,,,
Simone Alves Siqueira,25122,PRD/SOLIDARIEDADE,https://www.instagram.com/simonealvessiqueirasimone/,,Deputado Estadual,,,,,
Suboficial Anfrisio,25100,PRD/SOLIDARIEDADE,https://www.instagram.com/ANFRISIO_OFICIAL?IGSH=MWS5BHYYB25JY3Y5YG%3D%3D,,Deputado Estadual,,,,,
Vagner Tebalde,2526,PRD/SOLIDARIEDADE,https://www.instagram.com/VAGNAODOTEXTIL?IGSH=MM5ZNDHYMZE1ETC%3D,,Deputado Federal,,,,,
Alan Alves Moreira,4000,PSB,https://www.instagram.com/alan.alves.moreira/,,Deputado Federal,,,,,
Ana Cecilia,4040,PSB,https://www.instagram.com/ANASIRINO40/,,Deputado Federal,,,,,
Ana Reiter,5577,PSD,https://www.instagram.com/ANAPAULA.INDAIAL/,,Deputado Federal,,,,,
Aparecido Voltolini Taxista,55678,PSD,,,Deputado Estadual,,,,,
Berlanda,55055,PSD,https://www.instagram.com/DEPUTADOBERLANDA,,Deputado Estadual,,,,,
Beto Kuerten Marcelino,55789,PSD,https://www.instagram.com/BETOKMARCELINO/,,Deputado Estadual,,,,,
Cide Machado,55000,PSD,https://www.instagram.com/CIDEMACHADO.SC/,,Deputado Estadual,,,,,
Clesio Salvaro,55111,PSD,https://www.instagram.com/CLESIOSALVARO,,Deputado Estadual,,,,,
Cristiano Da Proteção Animal,5500,PSD,https://www.instagram.com/CRISTIANOSANTOSBC/,,Deputado Federal,,,,,
Deise Cardoso,5515,PSD,https://www.instagram.com/DEISE.SANTACATARINA/,,Deputado Federal,,,,,
Diego Machado,55255,PSD,https://www.instagram.com/DIEGOMACHADO.JLLE_?UTM_SOURCE=QR,,Deputado Estadual,,,,,
Dra. Sheyla Chaves,55155,PSD,https://www.instagram.com/SHEYLA_CHAVES/,,Deputado Estadual,,,,,
Edi Folle,55333,PSD,https://www.instagram.com/edianefolle/,,Deputado Estadual,,,,,
Elisiane Sanches,55566,PSD,https://www.instagram.com/elisianisanches/,,Deputado Estadual,,,,,
Henrique Folster,5510,PSD,https://www.instagram.com/FOLSTERHENRIQUE,,Deputado Federal,,,,,
João Martins,5522,PSD,https://www.instagram.com/JOAOMARTINSBRUSQUE/,,Deputado Federal,,,,,
José Thomé,55888,PSD,https://www.instagram.com/JOSETHOMESC/,,Deputado Estadual,,,,,
Julio Garcia,5511,PSD,https://www.instagram.com/JULIOGARCIASC/,,Deputado Federal,,,,,
Landa Da Rosa Costa,55232,PSD,https://www.instagram.com/EOLANDATEREZINHACOSTA/,,Deputado Estadual,,,,,
Liba Fronza,55470,PSD,https://www.instagram.com/LIBAFRONZA,,Deputado Estadual,,,,,
Mário Motta,55555,PSD,https://www.instagram.com/MARIOMOTTAOFICIAL/,,Deputado Estadual,,,,,
Marlene Fengler,55123,PSD,https://www.instagram.com/MARLENEFENGLER/,,Deputado Estadual,,,,,
Mozara Schadeck,55500,PSD,https://www.instagram.com/MOZARA_SCHADECK,,Deputado Estadual,,,,,
Napoleão Bernardes,55777,PSD,https://www.instagram.com/NAPOLEAOBERNARDES,,Deputado Estadual,,,,,
Neuri Mantelli,55852,PSD,https://www.instagram.com/NEURIMANTELLI/,,Deputado Estadual,,,,,
Pablo Ribeiro,5585,PSD,https://www.instagram.com/pabloricardoribeiro/,,Deputado Federal,,,,,
Pacheco,55655,PSD,https://www.instagram.com/ROGERIOLUCIANOPACHECO/,,Deputado Estadual,,,,,
Pastor Ascendino,5508,PSD,https://www.instagram.com/ASCENDINO_BATISTA/,,Deputado Federal,,,,,
Patricia Lisboa,5525,PSD,https://www.instagram.com/PATRICIALISBOAPL,,Deputado Federal,,,,,
Pri Fernandes Adote,55444,PSD,https://www.instagram.com/PRIFERNANDESADOTE/,,Deputado Estadual,,,,,
Raimundo Colombo,5588,PSD,https://www.instagram.com/RAIMUNDOCOLOMBO,,Deputado Federal,,,,,
Ricardo Lunardi,5552,PSD,,,Deputado Federal,,,,,
Ricardo Pastrana,55153,PSD,https://www.instagram.com/RICARDOPASTRANA/,,Deputado Estadual,,,,,
Silvio Alexandre Zancanaro,5555,PSD,https://www.instagram.com/silvioazancanaro/,,Deputado Federal,,,,,
Terezinha Dybas,5550,PSD,https://www.instagram.com/TEREZINHAMARIADYBAS/,,Deputado Federal,,,,,
Tigrão,55800,PSD,https://www.instagram.com/VALDEMIRSTOBE,,Deputado Estadual,,,,,
Trevisan,5580,PSD,https://www.instagram.com/TREVISAN_WILSON/,,Deputado Federal,,,,,
Vanessa Witiuk Da Causa Animal,5504,PSD,https://www.instagram.com/VANESSAWITIUK,,Deputado Federal,,,,,
Vivian Quiquio,55852,PSD,https://www.instagram.com/VIVI_QUIQUIIO/,,Deputado Estadual,,,,,
Arildo Fernandes,45777,PSDB/CIDADANIA,https://www.instagram.com/ARILDOFERNANDESOFICIAL/,,Deputado Estadual,,,,,
Arlei,2345,PSDB/CIDADANIA,,,Deputado Federal,,,,,
Bruno Cunha,23123,PSDB/CIDADANIA,https://www.instagram.com/brunocunhablu/,,Deputado Estadual,,,,,
Caetano,45445,PSDB/CIDADANIA,,,Deputado Estadual,,,,,
Coronel Jefferson Schmidt,45678,PSDB/CIDADANIA,https://www.instagram.com/SOUJEFFERSON_SCHMIDT/,,Deputado Estadual,,,,,
Crislane Fernandes,45333,PSDB/CIDADANIA,https://www.instagram.com/CRISLANEFERNANDES,,Deputado Estadual,,,,,
Deputado Marcos Vieira,45699,PSDB/CIDADANIA,https://www.instagram.com/DEPUTADOMARCOSVIEIRA/,,Deputado Estadual,,,,,
Dra. Barbara Kawall,2323,PSDB/CIDADANIA,,,Deputado Federal,,,,,
Edinho Da Casa Azul,45444,PSDB/CIDADANIA,https://www.instagram.com/EDINHO.CASAAZUL/,,Deputado Estadual,,,,,
Eliane Battisti,45022,PSDB/CIDADANIA,,,Deputado Estadual,,,,,
Fabi Da Educação,23456,PSDB/CIDADANIA,https://www.instagram.com/FAHIPER/,,Deputado Estadual,,,,,
Jessica Rodrigues,45199,PSDB/CIDADANIA,https://www.instagram.com/JEDEGERING/,,Deputado Estadual,,,,,
Jucemar Custódio (Bujão),45222,PSDB/CIDADANIA,https://www.instagram.com/JUCEMARCUSTODIO/,,Deputado Estadual,,,,,
Karine Muller,45588,PSDB/CIDADANIA,,,Deputado Estadual,,,,,
Leonardo Heinzen,45455,PSDB/CIDADANIA,https://www.instagram.com/LEONARDO_HEINZEN/,,Deputado Estadual,,,,,
Mirna Rubia,23000,PSDB/CIDADANIA,https://www.instagram.com/MIRNARUBIACOMMANDULLI/,,Deputado Estadual,,,,,
Patricia Sobreda,45000,PSDB/CIDADANIA,https://www.instagram.com/PATRICIASOBREDA/,,Deputado Estadual,,,,,
Paulinho,45145,PSDB/CIDADANIA,https://www.instagram.com/PAULO.SPENGLER.1/,,Deputado Estadual,,,,,
Renato Da Farmácia,45051,PSDB/CIDADANIA,https://www.instagram.com/VER.RENATODAFARMACIA/,,Deputado Estadual,,,,,
Roseli Moraes (Rose),2322,PSDB/CIDADANIA,,,Deputado Federal,,,,,
Serginho,45555,PSDB/CIDADANIA,https://www.instagram.com/SERGINHOANITAPOLIS/,,Deputado Estadual,,,,,
Sonia Vedovatto,45450,PSDB/CIDADANIA,https://www.instagram.com/SONIAVEDOVATTO/,,Deputado Estadual,,,,,
Tcharles Purim,45045,PSDB/CIDADANIA,https://www.instagram.com/TCHARLESPURIM,,Deputado Estadual,,,,,
Teresinha,45376,PSDB/CIDADANIA,,,Deputado Estadual,,,,,
Tolfo,45345,PSDB/CIDADANIA,https://www.instagram.com/TOLFO.SAUDE/,,Deputado Estadual,,,,,
Afrânio Boppré,500,PSOL/REDE,https://www.instagram.com/AFRANIOBOPPRE50,,Senador,,,,,
Ágatha Brum,50044,PSOL/REDE,https://www.instagram.com/AGATHA.D_SUN/,,Deputado Estadual,,,,,
Alex Stein,50005,PSOL/REDE,https://www.instagram.com/ALEXSTEIN50/,,Deputado Estadual,,,,,
Alexandre Nau,50000,PSOL/REDE,https://www.instagram.com/NAUALEXANDRE,,Deputado Estadual,,,,,
Amanda Ribeiro,18180,PSOL/REDE,https://www.instagram.com/AMANDAREDESUSTENTABILIDADE18/,,Deputado Estadual,,,,,
Amarildo Narciso,50789,PSOL/REDE,https://www.instagram.com/narcisoamarildo2088/,,Deputado Estadual,,,,,
Ana Flávia,50777,PSOL/REDE,https://www.instagram.com/ANAFLAVIAPSOL/,,Deputado Estadual,,,,,
Ana Vaz,50123,PSOL/REDE,https://www.instagram.com/ANAVAZPSOL50,,Deputado Estadual,,,,,
Ângelo Chocolate,50333,PSOL/REDE,https://www.instagram.com/angelo.chocolate/,,Deputado Estadual,,,,,
Bia Alves,5008,PSOL/REDE,https://www.instagram.com/BIAALVES50_,,Deputado Federal,,,,,
Camasão,50500,PSOL/REDE,https://www.instagram.com/CAMASAO50,,Deputado Estadual,,,,,
Carlos Silva,50900,PSOL/REDE,https://www.instagram.com/CARLOSVULGOJR,,Deputado Estadual,,,,,
Douglas Meriz,50505,PSOL/REDE,https://www.instagram.com/DOUGLAS_BECHA_?IGSH=MWPUEMVSMDN6NWNPBG%3D%3D,,Deputado Estadual,,,,,
Drag Urbana,5005,PSOL/REDE,https://www.instagram.com/DRAGURBANA,,Deputado Federal,,,,,
Fabinho Henschel,50007,PSOL/REDE,https://www.instagram.com/FABIOHENSCHEL,,Deputado Estadual,,,,,
Fábio De Oliveira,50369,PSOL/REDE,https://www.instagram.com/FABIODE33339?IGSH=MWTOM3LYYWTQCDDODQ%3D%3D,,Deputado Estadual,,,,,
Geleia,50550,PSOL/REDE,,,Deputado Estadual,,,,,
Gerson Popaye,50111,PSOL/REDE,,,Deputado Estadual,,,,,
Gil Santos,5093,PSOL/REDE,https://www.instagram.com/GILSANTOS_VAT,,Deputado Federal,,,,,
Inácio Sperber,5024,PSOL/REDE,https://www.instagram.com/INACIOSPERBER/,,Deputado Federal,,,,,
Ingrid Sateré Mawé,50180,PSOL/REDE,https://www.instagram.com/ingridsateremawe/,,Deputado Estadual,,,,,
Jéssica Michels,5080,PSOL/REDE,https://www.instagram.com/JESSIEMICHELS/,,Deputado Federal,,,,,
Jô Marquez,50096,PSOL/REDE,https://www.instagram.com/JOMARQUEZ__,,Deputado Estadual,,,,,
José Júlio Guahnon,1800,PSOL/REDE,,,Deputado Federal,,,,,
Leandro Da Silva,18000,PSOL/REDE,https://www.instagram.com/LEANDRO_BRUSQUEMEIAS?IGSH=MXNOM2T1DTFSCWJVYQ%3D%3D,,Deputado Estadual,,,,,
Lívia - Coletiva Sc Plural,5020,PSOL/REDE,https://www.instagram.com/LUTAMADRE,,Deputado Federal,,,,,
Mari Souza,5055,PSOL/REDE,https://www.instagram.com/MARISOUZALICERCE,,Deputado Federal,,,,,
Mariana Sartor,50100,PSOL/REDE,https://www.instagram.com/MARIANAFSARTOR,,Deputado Estadual,,,,,
Marquito,50150,PSOL/REDE,https://www.instagram.com/marquito.sc/,,Deputado Estadual,,,,,
Meirinho,50456,PSOL/REDE,https://www.instagram.com/MEIRINHO.PSOL.SC,,Deputado Estadual,,,,,
Mirê Chagas,5075,PSOL/REDE,https://www.instagram.com/MIRECHAGASNAVOZ?IGSH=YXVMD3FNBML5Z3NQ&UTM_SOURCE=QR,,Deputado Federal,,,,,
Nandja Xokleng,5040,PSOL/REDE,https://www.instagram.com/NANDJAXOKLENG,,Deputado Federal,,,,,
Prof. Genésio Adolfo,50054,PSOL/REDE,https://www.instagram.com/GENESIOADOLFO,,Deputado Estadual,,,,,
Profª Iza,50555,PSOL/REDE,https://www.instagram.com/PROFA.IZALICERCE,,Deputado Estadual,,,,,
Professor Andrew Leal,50321,PSOL/REDE,https://www.instagram.com/ANDREWLEAL7/,,Deputado Estadual,,,,,
Professor Canguru,5013,PSOL/REDE,https://www.instagram.com/PROFESSORCANGURUFEDERAL,,Deputado Federal,,,,,
Professor Elson,5010,PSOL/REDE,https://www.instagram.com/PROF.ELSONPEREIRA,,Deputado Federal,,,,,
Professor Marcelo,50600,PSOL/REDE,https://www.instagram.com/PROFESSORMARCELO50600,,Deputado Estadual,,,,,
Samara Madureira,5077,PSOL/REDE,https://www.instagram.com/SAMARAPSOL?IGSH=MTI3DNB3EDGZEMHLNG%3D%3D&UTM_SOURCE=QR,,Deputado Federal,,,,,
Simone Medeiros,5018,PSOL/REDE,https://www.instagram.com/SIMONEMEDEIROS.PSOL/,,Deputado Federal,,,,,
Simone Moredo,18018,PSOL/REDE,https://www.instagram.com/SIMONEREDESUSTENTABILIDADESC,,Deputado Estadual,,,,,
Simone Moredo,1818,PSOL/REDE,https://www.instagram.com/simoneredesustentabilidadesc/,,Deputado Federal,,,,,
Sodré,5042,PSOL/REDE,https://www.instagram.com/SODREFLORIPA,,Deputado Federal,,,,,
Thiago Moreti - Prof. Tatuado,5001,PSOL/REDE,https://www.instagram.com/PROFESSOR.TATUADO,,Deputado Federal,,,,,
Valmir Braz Nena,5050,PSOL/REDE,https://www.instagram.com/VALMIRBRAZNENA,,Deputado Federal,,,,,
Victor Gaspodini,5000,PSOL/REDE,https://www.instagram.com/victor_gaspodini,,Deputado Federal,,,,,
Vivi Pedroni,50999,PSOL/REDE,https://www.instagram.com/vivi.juntos?igsh=NmtmZjhuZjB5MGhm,,Deputado Estadual,,,,,
Zeca Da Gamboa,18800,PSOL/REDE,https://www.instagram.com/zecadagamboa/,,Deputado Estadual,,,,,
Joaninha De Oliveira,160,PSTU,https://www.instagram.com/OLIVEIRAJOANINHADE?IGSH=ZMZYM3BYNGHHZ3QY,,Senador,,,,,
Marcos Dorval,161,PSTU,https://www.instagram.com/DORVALPSTU?IGSH=MWPOZGNHZMW1BGP6YQ%3D%3D,,Senador,,,,,
Professor Cristiano Florêncio,16000,PSTU,https://www.instagram.com/CRISTIANOFLORENCIO16?IGSH=B3ZYN29QZW45BMF1,,Deputado Estadual,,,,,
Professora Nadir Fernandes,16016,PSTU,https://www.instagram.com/NADIR.FERNANDES.148?IGSH=B2T3ADNJBGFNEDNX,,Deputado Estadual,,,,,
Ana Paula Lima,1313,PT/PC do B/PV,https://www.instagram.com/ANAPAULALIMAPT/,,Deputado Federal,,,,,
Arlindo Rocha,13013,PT/PC do B/PV,https://www.instagram.com/ARLINDOROCHAPTSC/,,Deputado Estadual,,,,,
Bia Vargas,13620,PT/PC do B/PV,https://www.instagram.com/BIAVARGAS,,Deputado Estadual,,,,,
Cacica Eliara,13524,PT/PC do B/PV,https://www.instagram.com/CACICAELIARA,,Deputado Estadual,,,,,
Camilo Da Silva,6500,PT/PC do B/PV,,,Deputado Federal,,,,,
Caren Machado,1340,PT/PC do B/PV,https://www.instagram.com/CARENMACHADO_ADV/,,Deputado Federal,,,,,
Carla Ayres,1344,PT/PC do B/PV,https://www.instagram.com/carla.ayres13/,,Deputado Federal,,,,,
Claudia Bratti,13130,PT/PC do B/PV,https://www.instagram.com/CLAUDIABRATTI.OFICIAL,,Deputado Estadual,,,,,
Cláudio Márcio,13100,PT/PC do B/PV,https://www.instagram.com/CLAUDIOMARCIO_13/,,Deputado Estadual,,,,,
Décio Lima,133,PT/PC do B/PV,https://www.instagram.com/DECIOLIMA/,,Senador,,,,,
Dionísio Bertoldi,13456,PT/PC do B/PV,https://www.instagram.com/VEREADORDIONISIO/,,Deputado Estadual,,,,,
Doutora Rosana,4321,PT/PC do B/PV,https://www.instagram.com/doutorarosana/,,Deputado Federal,,,,,
Eduardo Zanatta,1331,PT/PC do B/PV,https://www.instagram.com/EDUARDOZANATTABC/,,Deputado Federal,,,,,
Fabiano Da Luz,13500,PT/PC do B/PV,https://www.instagram.com/FABIANODALUZSC,,Deputado Estadual,,,,,
Francisco De Assis,1304,PT/PC do B/PV,https://www.instagram.com/franciscodeassisfederal/,,Deputado Federal,,,,,
Giovana Mondardo,6565,PT/PC do B/PV,https://www.instagram.com/gimondardo/,,Deputado Federal,,,,,
Gislaine Durski,13113,PT/PC do B/PV,https://www.instagram.com/gislainedurski/,,Deputado Estadual,,,,,
Guaraci Fagundes,4343,PT/PC do B/PV,https://www.instagram.com/guaraci.fagundes/,,Deputado Federal,,,,,
Igor Marafigo,1349,PT/PC do B/PV,https://www.instagram.com/igor.marafigoo/,,Deputado Federal,,,,,
Jaciara Machuga,13040,PT/PC do B/PV,https://www.instagram.com/JACIARA.MACHUGA/,,Deputado Estadual,,,,,
Jean Volpato,13313,PT/PC do B/PV,https://www.instagram.com/JEANVOLPATO/,,Deputado Estadual,,,,,
João Paulo,13200,PT/PC do B/PV,https://www.instagram.com/joaopaulotavaresbastos/,,Deputado Estadual,,,,,
Jovino Gonçalves,6500,PT/PC do B/PV,https://www.instagram.com/goncalvesjovinomarques/,,Deputado Federal,,,,,
Jú,1361,PT/PC do B/PV,https://www.instagram.com/JUCELIAVARGASVIEIRA/,,Deputado Federal,,,,,
Jumeri Zanetti,13044,PT/PC do B/PV,https://www.instagram.com/JUMERIZANETTI/,,Deputado Estadual,,,,,
Karinne Tavares,1300,PT/PC do B/PV,https://www.instagram.com/karinne__tavares/,,Deputado Federal,,,,,
Kerexu,1388,PT/PC do B/PV,https://www.instagram.com/KEREXU_OFICIAL,,Deputado Federal,,,,,
Larissa Stephanie,65180,PT/PC do B/PV,https://www.instagram.com/laristephanie65/,,Deputado Estadual,,,,,
Linno Vianna,13131,PT/PC do B/PV,https://www.instagram.com/LINNOVIANNA13,,Deputado Estadual,,,,,
Lirous K'Yo,1303,PT/PC do B/PV,https://www.instagram.com/thelirous,,Deputado Federal,,,,,
Luciane Carminatti,13601,PT/PC do B/PV,https://www.instagram.com/lu.carminatti,,Deputado Estadual,,,,,
Marisa Zanoni - Nós Juntas,13300,PT/PC do B/PV,https://www.instagram.com/MARISAZF,,Deputado Estadual,,,,,
Maristela Francisco,13007,PT/PC do B/PV,https://www.instagram.com/MARISTELAFRANCISCOO/,,Deputado Estadual,,,,,
Neodi Saretta,13120,PT/PC do B/PV,https://www.instagram.com/NEODI_SARETTA,,Deputado Estadual,,,,,
Osmar Barcaro,13999,PT/PC do B/PV,https://www.instagram.com/barcaro_13/,,Deputado Estadual,,,,,
Padre Pedro,13987,PT/PC do B/PV,https://www.instagram.com/PADRE.PEDROBALDISSERA,,Deputado Estadual,,,,,
Paulinho Da Silva,65500,PT/PC do B/PV,https://www.instagram.com/paulinhodasilvaadvogado/,,Deputado Estadual,,,,,
Paulo Eccel,13030,PT/PC do B/PV,https://www.instagram.com/pauloecceloficial/,,Deputado Estadual,,,,,
Pedro Uczai,1350,PT/PC do B/PV,https://www.instagram.com/pedro.uczai/,,Deputado Federal,,,,,
Prof Caleb Clarindo,13321,PT/PC do B/PV,https://www.instagram.com/CALEBCLARINDO,,Deputado Estadual,,,,,
Prof Ju Andozio,1333,PT/PC do B/PV,https://www.instagram.com/JU_ANDOZIO,,Deputado Federal,,,,,
Profª Vanessa Da Rosa,1326,PT/PC do B/PV,https://www.instagram.com/VANESSADAROSAJOINVILLE,,Deputado Federal,,,,,
Professor Cadu,13123,PT/PC do B/PV,https://www.instagram.com/CADUPROFESSOR/,,Deputado Estadual,,,,,
Professor Chico,13690,PT/PC do B/PV,https://www.instagram.com/PROFESSORCHICOSC,,Deputado Estadual,,,,,
Professor Vitor Xuxa,13000,PT/PC do B/PV,https://www.instagram.com/PROFVITORXUXA,,Deputado Estadual,,,,,
Professora Ana Lucia Martins,13180,PT/PC do B/PV,https://www.instagram.com/PROFESSORA.ANALUCIAMARTINS/,,Deputado Estadual,,,,,
Rafael Consul Coletivo De Axé,13137,PT/PC do B/PV,https://www.instagram.com/RAFAELCONSULSJ,,Deputado Estadual,,,,,
Rafael Lima,13777,PT/PC do B/PV,https://www.instagram.com/RAFAEL_LIMA.SC,,Deputado Estadual,,,,,
Rodolfo De Ramos,13045,PT/PC do B/PV,https://www.instagram.com/rodolfo_de_ramos/,,Deputado Estadual,,,,,
Rodrigo Preis,13470,PT/PC do B/PV,https://www.instagram.com/PREIS.RODRIGO/,,Deputado Estadual,,,,,
Tom Da Barra,13613,PT/PC do B/PV,https://www.instagram.com/tomdabarrapcd/,,Deputado Estadual,,,,,
Acélio Casagrande,10100,REPUBLICANOS,https://www.instagram.com/oaceliocasagrande/,,Deputado Estadual,,,,,
André Moser,10222,REPUBLICANOS,https://www.instagram.com/ANDRE_MOSER?IGSH=NTBYEXPYOWRNZ3FP&UTM_SOURCE=QR,,Deputado Estadual,,,,,
Anna Carolina,10200,REPUBLICANOS,https://www.instagram.com/ANNACAROLINAADV/,,Deputado Estadual,,,,,
Brandel Junior,10010,REPUBLICANOS,https://www.instagram.com/BRANDELJUNIOR/,,Deputado Estadual,,,,,
Cabral,10144,REPUBLICANOS,,,Deputado Estadual,,,,,
Cesconetto,10220,REPUBLICANOS,https://www.instagram.com/EDUCESCONETTOSOUZA,,Deputado Estadual,,,,,
Consoli Gerri Consoli,10000,REPUBLICANOS,https://www.instagram.com/GERRI.CONSOLI?IGSH=CGD0A2EXMTZXMHY5&UTM_SOURCE=QR,,Deputado Estadual,,,,,
Darci De Matos,1022,REPUBLICANOS,https://www.instagram.com/DEPDARCIDEMATOS?IGSH=MTDSA3NMBHJ3CWXQMA%3D%3D&UTM_SOUR,,Deputado Federal,,,,,
Dr. Jorge,10210,REPUBLICANOS,https://www.instagram.com/DR_JORGEOLIVEIRA?IGSH=MXFYBTCZCTY5MWR2AG%3D%3D,,Deputado Estadual,,,,,
Dr. Paulo Coral,10555,REPUBLICANOS,https://www.instagram.com/coral.saude/,,Deputado Estadual,,,,,
Dr. Roni Ribeiro,10999,REPUBLICANOS,https://www.instagram.com/RONIBATISTARIBEIRO?IGSH=NGCYD2RUA25PMME1&UTM_SOURCE=QR,,Deputado Estadual,,,,,
Dra Aynoã Mello,10500,REPUBLICANOS,https://www.instagram.com/DRA.AYNOAMELLO?IGSH=MTGYBHRWOXVYN3F3DQ%3D%3D,,Deputado Estadual,,,,,
Edson Piriquito,10015,REPUBLICANOS,https://www.instagram.com/EDSONPIRIQUITO/,,Deputado Estadual,,,,,
Egidio Beckhauser,1025,REPUBLICANOS,https://www.instagram.com/EGIDIOBECKHAUSERSC/,,Deputado Federal,,,,,
Expedito Michels Da Fucap,10110,REPUBLICANOS,https://www.instagram.com/EXPEDITOMICHELS/,,Deputado Estadual,,,,,
Fabricio Oliveira,1000,REPUBLICANOS,https://www.instagram.com/FABRICIOOLIVEIRABC,,Deputado Federal,,,,,
Gabriel Carrara,10101,REPUBLICANOS,https://www.instagram.com/GABRIELCARRARAOFICIAL/,,Deputado Estadual,,,,,
Geovania De Sá,1077,REPUBLICANOS,https://www.instagram.com/GEOVANIASA/,,Deputado Federal,,,,,
Jean Kuhlmann,10022,REPUBLICANOS,https://www.instagram.com/JEAN.KUHLMANN/,,Deputado Estadual,,,,,
Jeferson Cardozo,10444,REPUBLICANOS,https://www.instagram.com/DEPUTADOJEFERSONCARDOZO?UTM_SOURCE=QR,,Deputado Estadual,,,,,
Jefferson Monteiro,10333,REPUBLICANOS,https://www.instagram.com/JMONTEIROSC/,,Deputado Estadual,,,,,
Jorge Goetten,1001,REPUBLICANOS,https://www.instagram.com/JORGEGOETTEN,,Deputado Federal,,,,,
Juninho Mamão,1033,REPUBLICANOS,https://www.instagram.com/juninhomamao.sc,,Deputado Federal,,,,,
Lenir Comin,10910,REPUBLICANOS,https://www.instagram.com/cominlenir/,,Deputado Estadual,,,,,
Lucas Neves,10282,REPUBLICANOS,https://www.instagram.com/LUCASNEVES.SC,,Deputado Estadual,,,,,
Marcelo Werner,10777,REPUBLICANOS,https://www.instagram.com/VEREADORMARCELOWERNER/,,Deputado Estadual,,,,,
Marcilene Miss,10111,REPUBLICANOS,https://www.instagram.com/MARCYMISS_SANTACATARINA,,Deputado Estadual,,,,,
Maria Regina De Souza Soar,1020,REPUBLICANOS,https://INSTAGRAM: HTTPS://WWW.INSTAGRAM.COM/MARIAREGINABLUMENAU/,,Deputado Federal,,,,,
Miria Padilha,1040,REPUBLICANOS,https://www.instagram.com/MIRIAMARCOSBARBOSA/,,Deputado Federal,,,,,
Pastor Foppa,10722,REPUBLICANOS,https://www.instagram.com/pastorfoppa_sc/,,Deputado Estadual,,,,,
Patricia Odwazny Flexa,10157,REPUBLICANOS,https://www.instagram.com/PATRICIA_ODWAZNY/,,Deputado Estadual,,,,,
Paulinha,10008,REPUBLICANOS,https://www.instagram.com/A_PAULASOUZA1?IGSH=ZNPOZXD4ADZNEWG3,,Deputado Estadual,,,,,
Paulo Alceu,1011,REPUBLICANOS,https://www.instagram.com/PAULOALCEUPERFIL/,,Deputado Federal,,,,,
Pedrão,10033,REPUBLICANOS,https://www.instagram.com/PEDRAO.FLORIPA/,,Deputado Estadual,,,,,
Piccoli,10800,REPUBLICANOS,https://www.instagram.com/GIMARPICCOLI?IGSH=MW5KMWH5YTA5NHBQEA%3D%3D,,Deputado Estadual,,,,,
Sabrina Da Conceição,1007,REPUBLICANOS,https://www.instagram.com/C.SABRINADA?IGSH=B2FWAWH2DZLZYJHI,,Deputado Federal,,,,,
Sabrina Maia,10026,REPUBLICANOS,https://www.instagram.com/SABRINAMAIASC/,,Deputado Estadual,,,,,
Salmir Da Silva,10789,REPUBLICANOS,https://www.instagram.com/SALMIRPREFEITO/,,Deputado Estadual,,,,,
Sandra,10017,REPUBLICANOS,,,Deputado Estadual,,,,,
Sargento Garbila,1090,REPUBLICANOS,https://www.instagram.com/SARGENTOGARBILAOFICIALL?IGSH=MWK3EHLNCMC1A2PSNA%3D%3D&,,Deputado Federal,,,,,
Sergio Motta,10123,REPUBLICANOS,https://www.instagram.com/SERGIOMOTTA10SC?IGSH=ZNLMYTDMENG3AXHS,,Deputado Estadual,,,,,
Suelen Geremia,10456,REPUBLICANOS,https://www.instagram.com/SUELENGEREMIA?IGSH=MTVNZWZLEXOXBMJLDA%3D%3D,,Deputado Estadual,,,,,
Vera Pinheiro,1010,REPUBLICANOS,https://www.instagram.com/VERAPINHEIROSC/,,Deputado Federal,,,,,
Victor Forte,10888,REPUBLICANOS,https://www.instagram.com/VICTORHUGOFORTE/,,Deputado Estadual,,,,,
Yoli Ravazzi,10028,REPUBLICANOS,https://www.instagram.com/YOLI_RAVAZZI?UTM_SOURCE=QR&IGSH=CG9SN2LIZ3Z1AGR4,,Deputado Estadual,,,,,
Zilane Nunes,1023,REPUBLICANOS,https://www.instagram.com/ZILANENUNES/,,Deputado Federal,,,,,
Adri,11999,UNIÃO/PP,https://www.instagram.com/ADRI_SAVI,,Deputado Estadual,,,,,
Ale Paolazzi,44789,UNIÃO/PP,,,Deputado Estadual,,,,,
Alemão Da Alumetal,44144,UNIÃO/PP,https://www.instagram.com/CARLOS.WAGNER.ALEMAO/,,Deputado Estadual,,,,,
Altair Silva,11130,UNIÃO/PP,INSTAGRAM.COM/DEPUTADOALTAIRSILVA/,,Deputado Estadual,,,,,
Anderson Batata,11456,UNIÃO/PP,https://INSTAGRAM: @BATATAANDERSON11,,Deputado Estadual,,,,,
André Callai,1130,UNIÃO/PP,https://INSTAGRAM: HTTPS://INSTAGRAM.COM/CALLAIANDRE/,,Deputado Federal,,,,,
André Livramento,11470,UNIÃO/PP,https://www.instagram.com/ANDRE.L.LIVRAMENTO?IGSH=MWTYZDRSMM9PDG02ZQ%3D%3D,,Deputado Estadual,,,,,
Anelisio Da Assessoritec,11000,UNIÃO/PP,https://www.instagram.com/campanhaanelisio,,Deputado Estadual,,,,,
Angela Amin,1133,UNIÃO/PP,https://www.instagram.com/ANGELAAMINOFICIAL/,,Deputado Federal,,,,,
Carlos Moisés,4411,UNIÃO/PP,https://www.instagram.com/GOVERNADORMOISES?IGSH=BGRZOWZ2EJJHBNV1,,Deputado Federal,,,,,
Claudio Bianchini,11022,UNIÃO/PP,HTTPS://WWW.INSTAGRAM.COM/CLAUDIOBIANCHINI111?IGSH=DTM3MHNHYTEXCJVI,,Deputado Estadual,,,,,
Coronel Armando,1122,UNIÃO/PP,https://www.instagram.com/DEP.CORONEL.ARMANDO?IGSH=Z2H6BNPIBZG4MXRK,,Deputado Federal,,,,,
Cris Brilhante,11011,UNIÃO/PP,https://www.instagram.com/CRISANIABRILHANTE?UTM_SOURCE=QR&IGSH=MXC3BJE5Y3U0AM1LZ,,Deputado Estadual,,,,,
Dalton Lueders,11033,UNIÃO/PP,https://www.instagram.com/DALTON_PP11/,,Deputado Estadual,,,,,
David Busarello,44044,UNIÃO/PP,https://www.instagram.com/DAVIDBUSARELLO?IGSH=MWJSBMQ4BGG0AHDYYQ%3D%3D,,Deputado Estadual,,,,,
Débora Parisotto,4410,UNIÃO/PP,https://www.instagram.com/DEBORA_PARISOTTOO?IGSH=MWD2BWXHDTR4CGHVNG%3D%3D,,Deputado Federal,,,,,
Derian Campos,4467,UNIÃO/PP,https://www.instagram.com/DERIAN.CAMPOS?IGSH=MXH3DNJLMWM2EJJONA%3D%3D,,Deputado Federal,,,,,
Dr. Irani,11111,UNIÃO/PP,https://www.instagram.com/IRANIALBERTONJR,,Deputado Estadual,,,,,
Dr. Vicente,44000,UNIÃO/PP,https://www.instagram.com/DRVICENTECAROPRESO,,Deputado Estadual,,,,,
Dra. Lisiane Anzanello,4407,UNIÃO/PP,https://www.instagram.com/DRA_LISIANE_ANZANELLO,,Deputado Federal,,,,,
Eliane Colla,11100,UNIÃO/PP,,,Deputado Estadual,,,,,
Esperidião Amin,111,UNIÃO/PP,https://www.instagram.com/ESPERIDIAOAMIN,,Senador,,,,,
Evandro Scaini,11234,UNIÃO/PP,https://www.instagram.com/EVANDROSCAINI/,,Deputado Estadual,,,,,
Fábio Schiochet,4444,UNIÃO/PP,https://www.instagram.com/FABIOSCHIOCHET/,,Deputado Federal,,,,,
Fernanda Conrado,1120,UNIÃO/PP,,,Deputado Federal,,,,,
Gean Loureiro,44123,UNIÃO/PP,https://www.instagram.com/GEAN_LOUREIRO?IGSH=NHJTMMSWCJCYNGNZ,,Deputado Estadual,,,,,
Gringo Ladomenega,44555,UNIÃO/PP,https://www.instagram.com/GRINGOVEREADOR/,,Deputado Estadual,,,,,
Hortência Tierling,4477,UNIÃO/PP,https://www.instagram.com/HORTENCIAMULLERTIERLING,,Deputado Federal,,,,,
Jaciara Di Santo,44055,UNIÃO/PP,https://www.instagram.com/JACIARADISANTO?IGSH=EDVRMWMZYJFQDJDM,,Deputado Estadual,,,,,
Jackson De Souza Goetten,44333,UNIÃO/PP,https://www.instagram.com/JACKSONGOETTEN_VEREADOR?IGSH=MTVUNWVSDJBHCG9NOA%3D%3D,,Deputado Estadual,,,,,
Jane Steffen,4400,UNIÃO/PP,https://www.instagram.com/JANESTEFENN.INTISICADA?IGSH=MWTJDZV1D3ZJEJB1ZQ%3D%3D,,Deputado Federal,,,,,
Jean Pirola,1144,UNIÃO/PP,https://www.instagram.com/JEANPIROLA/,,Deputado Federal,,,,,
Ju Do Taxi,44042,UNIÃO/PP,https://www.instagram.com/JUDOTAXI_SC?IGSH=AXZ4ZXFWBTVQCMTL,,Deputado Estadual,,,,,
Kelly Paz,44411,UNIÃO/PP,https://www.instagram.com/KELLYTATIANESILVAPAZ?IGSH=CZM3BND1ZXDUOHD4,,Deputado Estadual,,,,,
Lindomar Feio,11123,UNIÃO/PP,https://www.instagram.com/LINDOMARFERREIRA.OFICIAL/,,Deputado Estadual,,,,,
Manjuva Caminhoneiro,11112,UNIÃO/PP,https://www.instagram.com/MANJUVASERGIOWILDNER?IGSH=ZXV4A25WBTCZMHUY,,Deputado Estadual,,,,,
Mara Da Saúde,11020,UNIÃO/PP,https://www.instagram.com/MARADASAUDEE?IGSH=MTFOODVUCZNJMZY5EA%3D%3D,,Deputado Estadual,,,,,
Marcio Dedé,44444,UNIÃO/PP,https://www.instagram.com/MARCIODEDE.ITAJAI?IGSH=MWJ2OTY2BWC3BGMXMW%3D%3D,,Deputado Estadual,,,,,
Marcio Tinte,44110,UNIÃO/PP,https://www.instagram.com/MARCIOTINTE.GARUVA,,Deputado Estadual,,,,,
Margarete Souza,11116,UNIÃO/PP,,,Deputado Estadual,,,,,
Marilise Martinez,11122,UNIÃO/PP,https://www.instagram.com/MARILISEMARTINEZ?IGSH=C3IWETL6CWP3YWGX,,Deputado Estadual,,,,,
Mattiolo,11322,UNIÃO/PP,https://INSTAGRAM:%20@celsomattiolo/,,Deputado Estadual,,,,,
Parisotto,44104,UNIÃO/PP,https://www.instagram.com/NARCIZOPARISOTTOOFICIAL/,,Deputado Estadual,,,,,
Pastor Napoleão Bonaparte,44777,UNIÃO/PP,https://www.instagram.com/PASTOR_NAPOLEAO_BONAPARTE?IGSH=MXVZDWE5N3PKCNA2NA%3D%3D,,Deputado Estadual,,,,,
Paulo Drumm,44111,UNIÃO/PP,https://www.instagram.com/pauloricardodrumm/,,Deputado Estadual,,,,,
Pepê Collaço,11223,UNIÃO/PP,https://www.instagram.com/PEPECOLLACO?IGSH=AG14AGTSZNLYY2R0&UTM_SOURCE=QR,,Deputado Estadual,,,,,
Policial Emily Pereira,44047,UNIÃO/PP,https://www.instagram.com/EMILY.RPEREIRA/,,Deputado Estadual,,,,,
Profa. Regina Almeida,1199,UNIÃO/PP,,,Deputado Federal,,,,,
Ramos Policial,44190,UNIÃO/PP,https://www.instagram.com/RAMOS_POLICIAL04?IGSH=Z3DHZMD3YWLIAJGX,,Deputado Estadual,,,,,
Rose Da Itoupavazinha,1102,UNIÃO/PP,https://www.instagram.com/ROSEFREITAS.BLU/,,Deputado Federal,,,,,
Sandra Scheffer,44122,UNIÃO/PP,https://www.instagram.com/SANDRA.SCHEFFER22?IGSH=MXI5EXY4AGFQMJJHYQ%3D%3D,,Deputado Estadual,,,,,
Sargento Putkammer O Alemão,11369,UNIÃO/PP,https://www.instagram.com/ALEMAOXC?IGSH=MXEYAJBICWFKC3IZOA%3D%3D,,Deputado Estadual,,,,,
Serginho Advogado,1112,UNIÃO/PP,https://www.instagram.com/SERGINHO_ADVOGADO?IGSH=MWDPYWO2DGFUAXOZMQ%3D%3D,,Deputado Federal,,,,,
Sérgio Guimarães,44500,UNIÃO/PP,https://www.instagram.com/reporter.sergioguimaraes/?hl=pt,,Deputado Estadual,,,,,
Silvéria Zanchi,11622,UNIÃO/PP,https://www.instagram.com/SILVERIA_ZANCHI?IGSH=MTZ2CNDNNJQ1BJDNMG%3D%3D,,Deputado Estadual,,,,,
Silvio Dreveck,11222,UNIÃO/PP,https://INSTAGRAM: HTTPS://WWW.INSTAGRAM.COM/SILVIODREVECK.SC/,,Deputado Estadual,,,,,
Simone Andrade,11777,UNIÃO/PP,https://www.instagram.com/SIMONEANDRADE.SC?IGSH=D3L5MHO5ZNLTMMPU,,Deputado Estadual,,,,,
Simone Katswinckel,1172,UNIÃO/PP,https://www.instagram.com/SIMONEKATS,,Deputado Federal,,,,,
Tânia Larson,4455,UNIÃO/PP,https://www.instagram.com/TANIA_LARSON_SC?IGSH=ZGZ6DHZNBWDPEXB2,,Deputado Federal,,,,,
Túlio Mattos,11644,UNIÃO/PP,,,Deputado Estadual,,,,,
Zé Milton,1111,UNIÃO/PP,https://www.instagram.com/deputado_zemilton/,,Deputado Federal,,,,,
Amanda Wenceslau,8000,UP,https://www.instagram.com/AMANDAWENC/,,Deputado Federal,,,,,
Ana Lúcia,800,UP,https://www.instagram.com/ANALUCIA.UP/,,Senador,,,,,
Andre Drejan,8080,UP,https://www.instagram.com/ANDRELUIZDREJAN.UP/,,Deputado Federal,,,,,
Marlene Soccas,808,UP,https://www.instagram.com/MARLENESOCCAS.UP/,,Senador,,,,,